smiles,LogS(mol/L),Normalized SMILES,index
NC[C@H](CC(=O)O)c1ccc(Cl)cc1,-2.009578971,NC[C@H](CC(=O)O)c1ccc(Cl)cc1,1
C=CC1=C(C(=O)O)N2C(=O)[C@@H](NC(=O)/C(=N\O)c3csc(N)n3)[C@H]2SC1,-1.650108771,C=CC1=C(C(=O)O)N2C(=O)[C@@H](NC(=O)/C(=N\O)c3csc(N)n3)[C@H]2SC1,2
Nc1ccn(C[C@@H](CO)OCP(=O)(O)O)c(=O)n1,-0.215446271,Nc1ccn(C[C@@H](CO)OCP(=O)(O)O)c(=O)n1,3
CC/C=C\C/C=C\C/C=C\CCCCCCCC(=O)O,-6.351293718,CC/C=C\C/C=C\C/C=C\CCCCCCCC(=O)O,4
CC[C@H](C)C(=O)O[C@H]1C[C@@H](C)C=C2C=C[C@H](C)[C@H](CC[C@@H]3C[C@@H](O)CC(=O)O3)[C@H]21,-6.004901049,CC[C@H](C)C(=O)O[C@H]1C[C@@H](C)C=C2C=C[C@H](C)[C@H](CC[C@@H]3C[C@@H](O)CC(=O)O3)[C@H]21,5
CC1=C(/C=C/C(C)=C/C=C/C(C)=C/C=C/C=C(C)/C=C/C=C(C)/C=C/C2=C(C)CCCC2(C)C)C(C)(C)CCC1,-5.951732447,CC1=C(/C=C/C(C)=C/C=C/C(C)=C/C=C/C=C(C)/C=C/C=C(C)/C=C/C2=C(C)CCCC2(C)C)C(C)(C)CCC1,6
CNCCC=C1c2ccccc2CCc2ccccc21,-5.481058099,CNCCC=C1c2ccccc2CCc2ccccc21,7
C=CC(=O)N1CCC[C@@H](n2nc(-c3ccc(Oc4ccccc4)cc3)c3c(N)ncnc32)C1,-5.166831559,C=CC(=O)N1CCC[C@@H](n2nc(-c3ccc(Oc4ccccc4)cc3)c3c(N)ncnc32)C1,8
CCC[C@H](NC(=O)[C@@H]1[C@H]2CCC[C@H]2CN1C(=O)[C@@H](NC(=O)[C@@H](NC(=O)c1cnccn1)C1CCCCC1)C(C)(C)C)C(=O)C(=O)NC1CC1,-5.160314797,CCC[C@H](NC(=O)[C@@H]1[C@H]2CCC[C@H]2CN1C(=O)[C@@H](NC(=O)[C@@H](NC(=O)c1cnccn1)C1CCCCC1)C(C)(C)C)C(=O)C(=O)NC1CC1,9
CC1=C(/C=C/C(C)=C/C=C/C(C)=C\C(=O)O)C(C)(C)CCC1,-4.799232291,CC1=C(/C=C/C(C)=C/C=C/C(C)=C\C(=O)O)C(C)(C)CCC1,10
COc1cc2c(Nc3ccc(Br)cc3F)ncnc2cc1OCC1CCN(C)CC1,-4.773927166,COc1cc2c(Nc3ccc(Br)cc3F)ncnc2cc1OCC1CCN(C)CC1,11
CC1(C)S[C@@H]2[C@H](N=CN3CCCCCC3)C(=O)N2[C@H]1C(=O)O,-4.499615023,CC1(C)S[C@@H]2[C@H](N=CN3CCCCCC3)C(=O)N2[C@H]1C(=O)O,12
CC(C)(C)NC(=O)[C@@H]1CN(Cc2cccnc2)CCN1C[C@@H](O)C[C@@H](Cc1ccccc1)C(=O)N[C@H]1c2ccccc2C[C@H]1O,-4.611928196,CC(C)(C)NC(=O)[C@@H]1CN(Cc2cccnc2)CCN1C[C@@H](O)C[C@@H](Cc1ccccc1)C(=O)N[C@H]1c2ccccc2C[C@H]1O,13
COC(=O)OCOc1c2n(ccc1=O)N([C@@H]1c3ccccc3SCc3c1ccc(F)c3F)[C@@H]1COCCN1C2=O,-4.58096297,COC(=O)OCOc1c2n(ccc1=O)N([C@@H]1c3ccccc3SCc3c1ccc(F)c3F)[C@@H]1COCCN1C2=O,14
CO/N=C(\C(=O)N[C@@H]1C(=O)N2C(C(=O)[O-])=C(C[N+]3(C)CCCC3)CS[C@H]12)c1csc(N)n1,-4.451299601,CO/N=C(\C(=O)N[C@@H]1C(=O)N2C(C(=O)[O-])=C(C[N+]3(C)CCCC3)CS[C@H]12)c1csc(N)n1,15
CCn1cc(C(=O)O)c(=O)c2ccc(-c3ccncc3)cc21,-4.148650912,CCn1cc(C(=O)O)c(=O)c2ccc(-c3ccncc3)cc21,16
CSc1ccc2c(c1)N(CCC1CCCCN1C)c1ccccc1S2,-5.82068809,CSc1ccc2c(c1)N(CCC1CCCCN1C)c1ccccc1S2,17
CCCCCCCCCCCCCCCC(=O)O,-6.806898849,CCCCCCCCCCCCCCCC(=O)O,18
CC1(C)CCC(C)(C)c2cc(Cn3cccn3)c(/C=C/c3ccc(C(=O)O)cc3)cc21,-7.015515881,CC1(C)CCC(C)(C)c2cc(Cn3cccn3)c(/C=C/c3ccc(C(=O)O)cc3)cc21,19
C1CCC(C(CC2CCCCN2)C2CCCCC2)CC1,-6.659340471,C1CCC(C(CC2CCCCN2)C2CCCCC2)CC1,20
COc1cc(C)c(/C=C/C(C)=C/C=C/C(C)=C/C(=O)O)c(C)c1C,-6.651061605,COc1cc(C)c(/C=C/C(C)=C/C=C/C(C)=C/C(=O)O)c(C)c1C,21
Nc1nc(CC(=O)Nc2ccc(CCNC[C@H](O)c3ccccc3)cc2)cs1,-3.684435911,Nc1nc(CC(=O)Nc2ccc(CCNC[C@H](O)c3ccccc3)cc2)cs1,22
COc1cccc2c1C(=O)c1c(O)c3c(c(O)c1C2=O)C[C@@](O)(C(=O)CO)C[C@@H]3O[C@H]1C[C@H](N)[C@@H](O)[C@H](C)O1,-3.766732022,COc1cccc2c1C(=O)c1c(O)c3c(c(O)c1C2=O)C[C@@](O)(C(=O)CO)C[C@@H]3O[C@H]1C[C@H](N)[C@@H](O)[C@H](C)O1,23
CC(C)(C)c1ccc(C(O)CCCN2CCC(C(O)(c3ccccc3)c3ccccc3)CC2)cc1,-6.690015098,CC(C)(C)c1ccc(C(O)CCCN2CCC(C(O)(c3ccccc3)c3ccccc3)CC2)cc1,24
Clc1ccc(C(c2ccccc2Cl)C(Cl)Cl)cc1,-6.505205619,Clc1ccc(C(c2ccccc2Cl)C(Cl)Cl)cc1,25
Cn1nnc(-c2ccc(-c3ccc(N4C[C@H](CO)OC4=O)cc3F)cn2)n1,-3.568605313,Cn1nnc(-c2ccc(-c3ccc(N4C[C@H](CO)OC4=O)cc3F)cn2)n1,26
N[C@@H](Cc1cc(I)c(Oc2cc(I)c(O)c(I)c2)c(I)c1)C(=O)O,-3.869159052,N[C@@H](Cc1cc(I)c(Oc2cc(I)c(O)c(I)c2)c(I)c1)C(=O)O,27
COc1ccc(-n2nc(C(N)=O)c3c2C(=O)N(c2ccc(N4CCCCC4=O)cc2)CC3)cc1,-3.62089009,COc1ccc(-n2nc(C(N)=O)c3c2C(=O)N(c2ccc(N4CCCCC4=O)cc2)CC3)cc1,28
O=[N+]([O-])OCC(CO[N+](=O)[O-])(CO[N+](=O)[O-])CO[N+](=O)[O-],-3.376023137,O=[N+]([O-])OCC(CO[N+](=O)[O-])(CO[N+](=O)[O-])CO[N+](=O)[O-],29
O=C(/C=C/c1cccc(S(=O)(=O)Nc2ccccc2)c1)NO,-3.356776819,O=C(/C=C/c1cccc(S(=O)(=O)Nc2ccccc2)c1)NO,30
CN1CCN(C(=O)OC2c3nccnc3C(=O)N2c2ccc(Cl)cn2)CC1,-3.410758245,CN1CCN(C(=O)OC2c3nccnc3C(=O)N2c2ccc(Cl)cn2)CC1,31
Nc1nnc(-c2cccc(Cl)c2Cl)c(N)n1,-3.177945395,Nc1nnc(-c2cccc(Cl)c2Cl)c(N)n1,32
O[C@H]1[C@H](O)[C@@H](O)[C@H](O)[C@@H](O)[C@H]1O,-0.109520454,O[C@H]1[C@H](O)[C@@H](O)[C@H](O)[C@@H](O)[C@H]1O,33
Cc1c(OCC(F)(F)F)ccnc1C[S@@+]([O-])c1nc2ccccc2[nH]1,-3.245230567,Cc1c(OCC(F)(F)F)ccnc1C[S@@+]([O-])c1nc2ccccc2[nH]1,34
CC(C)N=c1cc2n(-c3ccc(Cl)cc3)c3ccccc3nc-2cc1Nc1ccc(Cl)cc1,-6.323042066,CC(C)N=c1cc2n(-c3ccc(Cl)cc3)c3ccccc3nc-2cc1Nc1ccc(Cl)cc1,35
OC[C@H]1O[C@@H](c2ccc(Cl)c(Cc3ccc(O[C@H]4CCOC4)cc3)c2)[C@H](O)[C@@H](O)[C@@H]1O,-3.206931836,OC[C@H]1O[C@@H](c2ccc(Cl)c(Cc3ccc(O[C@H]4CCOC4)cc3)c2)[C@H](O)[C@@H](O)[C@@H]1O,36
CN(C)CCCN1c2ccccc2CCc2ccc(Cl)cc21,-6.029759126,CN(C)CCCN1c2ccccc2CCc2ccc(Cl)cc21,37
CN(C)CC/C=C1/c2ccccc2Sc2ccc(Cl)cc21,-6.029672615,CN(C)CC/C=C1/c2ccccc2Sc2ccc(Cl)cc21,38
CC[C@H]1OC(=O)[C@H](C)[C@@H](O[C@H]2C[C@@](C)(OC)[C@@H](O)[C@H](C)O2)[C@H](C)[C@@H](O[C@@H]2O[C@H](C)C[C@H](N(C)C)[C@H]2O)[C@](C)(OC)C[C@@H](C)C(=O)[C@H](C)[C@@H](O)[C@]1(C)O,-6.355360601,CC[C@H]1OC(=O)[C@H](C)[C@@H](O[C@H]2C[C@@](C)(OC)[C@@H](O)[C@H](C)O2)[C@H](C)[C@@H](O[C@@H]2O[C@H](C)C[C@H](N(C)C)[C@H]2O)[C@](C)(OC)C[C@@H](C)C(=O)[C@H](C)[C@@H](O)[C@]1(C)O,39
CN1CCC(CN2c3ccccc3Sc3ccccc32)C1,-5.93034291,CN1CCC(CN2c3ccccc3Sc3ccccc32)C1,40
COc1ccc2nc([S+]([O-])Cc3ncc(C)c(OC)c3C)[nH]c2c1,-2.983248002,COc1ccc2nc([S+]([O-])Cc3ncc(C)c(OC)c3C)[nH]c2c1,41
C[C@@H]1C[C@H]2[C@@H]3C[C@H](F)C4=CC(=O)C=C[C@]4(C)[C@@]3(F)[C@@H](O)C[C@]2(C)[C@@]1(O)C(=O)CO,-6.019982658,C[C@@H]1C[C@H]2[C@@H]3C[C@H](F)C4=CC(=O)C=C[C@]4(C)[C@@]3(F)[C@@H](O)C[C@]2(C)[C@@]1(O)C(=O)CO,42
CCC(=O)c1ccc2c(c1)N(CC(C)N(C)C)c1ccccc1S2,-5.875038304,CCC(=O)c1ccc2c(c1)N(CC(C)N(C)C)c1ccccc1S2,43
CCOC(=O)Nc1ccc2c(c1)N(C(=O)CCN1CCOCC1)c1ccccc1S2,-5.971037189,CCOC(=O)Nc1ccc2c(c1)N(C(=O)CCN1CCOCC1)c1ccccc1S2,44
CC(C)n1c(/C=C/C(O)CC(O)CC(=O)O)c(-c2ccc(F)cc2)c2ccccc21,-5.951583511,CC(C)n1c(/C=C/C(O)CC(O)CC(=O)O)c(-c2ccc(F)cc2)c2ccccc21,45
Clc1ccccc1C(c1ccccc1)(c1ccccc1)n1ccnc1,-5.847417778,Clc1ccccc1C(c1ccccc1)(c1ccccc1)n1ccnc1,46
CC(C)(C#N)c1cc(Cn2cncn2)cc(C(C)(C)C#N)c1,-2.743134354,CC(C)(C#N)c1cc(Cn2cncn2)cc(C(C)(C)C#N)c1,47
CCCCCCCCCCCCCCCCCC(=O)O,-5.678073134,CCCCCCCCCCCCCCCCCC(=O)O,48
CCn1c(=O)c2c(nc(/C=C/c3ccc(OC)c(OC)c3)n2C)n(CC)c1=O,-5.885854045,CCn1c(=O)c2c(nc(/C=C/c3ccc(OC)c(OC)c3)n2C)n(CC)c1=O,49
CC1=C(/C=C/C(C)=C\C=C\C(C)=C\C(=O)O)C(C)(C)CCC1,-5.69959942,CC1=C(/C=C/C(C)=C\C=C\C(C)=C\C(=O)O)C(C)(C)CCC1,50
CCN(CC)CCOC(=O)c1ccc(N)cc1Cl,-2.60975484,CCN(CC)CCOC(=O)c1ccc(N)cc1Cl,51
CC1=C(/C=C/C(C)=C/C=C/C(C)=C/CO)C(C)(C)CCC1,-5.630328732,CC1=C(/C=C/C(C)=C/C=C/C(C)=C/CO)C(C)(C)CCC1,52
CCN(CC)C(C)CN1c2ccccc2Sc2ccccc21,-5.654077873,CCN(CC)C(C)CN1c2ccccc2Sc2ccccc21,53
Cc1ccnc2c1NC(=O)c1cccnc1N2C1CC1,-5.577425103,Cc1ccnc2c1NC(=O)c1cccnc1N2C1CC1,54
CCC(=O)N(c1ccccc1)C1CCN(CCc2ccccc2)CC1,-3.225916998,CCC(=O)N(c1ccccc1)C1CCN(CCc2ccccc2)CC1,55
NS(=O)(=O)Cc1noc2ccccc12,-2.423708602,NS(=O)(=O)Cc1noc2ccccc12,56
COc1ccc2c(c1)c(CC(=O)O)c(C)n2C(=O)c1ccc(Cl)cc1,-5.58188618,COc1ccc2c(c1)c(CC(=O)O)c(C)n2C(=O)c1ccc(Cl)cc1,57
CC(CN(C)C)CN1c2ccccc2Sc2ccccc21,-5.50081486,CC(CN(C)C)CN1c2ccccc2Sc2ccccc21,58
Cc1c(OCC(F)(F)F)ccnc1C[S+]([O-])c1nc2ccccc2[nH]1,-5.580679303,Cc1c(OCC(F)(F)F)ccnc1C[S+]([O-])c1nc2ccccc2[nH]1,59
O=c1[nH]c2ccccc2n1CCCN1CCC(n2c(=O)[nH]c3cc(Cl)ccc32)CC1,-5.635441942,O=c1[nH]c2ccccc2n1CCCN1CCC(n2c(=O)[nH]c3cc(Cl)ccc32)CC1,60
CC[C@@]1(O)C(=O)OCc2c1cc1n(c2=O)Cc2cc3c(CN(C)C)c(O)ccc3nc2-1,-2.62474173,CC[C@@]1(O)C(=O)OCc2c1cc1n(c2=O)Cc2cc3c(CN(C)C)c(O)ccc3nc2-1,61
C[C@@H]1O[C@@H](O[C@H]2C[C@@H](O)[C@]3(CO)[C@H]4[C@H](O)C[C@]5(C)[C@@H](C6=CC(=O)OC6)CC[C@]5(O)[C@@H]4CC[C@]3(O)C2)[C@H](O)[C@H](O)[C@H]1O,-1.754060586,C[C@@H]1O[C@@H](O[C@H]2C[C@@H](O)[C@]3(CO)[C@H]4[C@H](O)C[C@]5(C)[C@@H](C6=CC(=O)OC6)CC[C@]5(O)[C@@H]4CC[C@]3(O)C2)[C@H](O)[C@H](O)[C@H]1O,62
CNCCCC1c2ccccc2C=Cc2ccccc21,-5.403544013,CNCCCC1c2ccccc2C=Cc2ccccc21,63
CN1[C@@H]2C[C@@H](OC(=O)[C@H](CO)c3ccccc3)C[C@H]1[C@@H]1O[C@@H]12,-0.481948151,CN1[C@@H]2C[C@@H](OC(=O)[C@H](CO)c3ccccc3)C[C@H]1[C@@H]1O[C@@H]12,64
CCC1(CC)C(=O)NCC(C)C1=O,-1.202340218,CCC1(CC)C(=O)NCC(C)C1=O,65
O=c1[nH]c(=O)n([C@H]2C[C@H](O)[C@@H](CO)O2)cc1F,-1.315727681,O=c1[nH]c(=O)n([C@H]2C[C@H](O)[C@@H](CO)O2)cc1F,66
COC(CNC(N)=O)C[Hg]Cl,-1.523509987,COC(CNC(N)=O)C[Hg]Cl,67
O=C(O)c1cccnc1C(=O)O,-1.181632883,O=C(O)c1cccnc1C(=O)O,68
O=C(O)[C@H](O)c1ccccc1,-0.140871565,O=C(O)[C@H](O)c1ccccc1,69
CCCC(CCC)C(=O)O,-2.045056241,CCCC(CCC)C(=O)O,70
CN(C)CCc1c[nH]c2ccc(C[C@H]3COC(=O)N3)cc12,-2.344478126,CN(C)CCc1c[nH]c2ccc(C[C@H]3COC(=O)N3)cc12,71
C=CC(=O)N1CCN(c2nc(=O)n(-c3c(C)ccnc3C(C)C)c3nc(-c4c(O)cccc4F)c(F)cc23)[C@@H](C)C1,-4.271536487,C=CC(=O)N1CCN(c2nc(=O)n(-c3c(C)ccnc3C(C)C)c3nc(-c4c(O)cccc4F)c(F)cc23)[C@@H](C)C1,72
CC(C)NCC(O)COc1ccc(CC(N)=O)cc1,-1.301578395,CC(C)NCC(O)COc1ccc(CC(N)=O)cc1,73
N[C@@H](Cc1c[nH]c2ccccc12)C(=O)O,-1.183004532,N[C@@H](Cc1c[nH]c2ccccc12)C(=O)O,74
C[C@]12CC[C@H]3C(=CCc4cc(O)ccc43)[C@@H]1CCC2=O,-5.279482811,C[C@]12CC[C@H]3C(=CCc4cc(O)ccc43)[C@@H]1CCC2=O,75
CC(C)(C)NCC(O)c1ccc(O)c(CO)c1,-1.229743004,CC(C)(C)NCC(O)c1ccc(O)c(CO)c1,76
Nc1nc(=O)c2ncn(COCCO)c2[nH]1,-2.203358144,Nc1nc(=O)c2ncn(COCCO)c2[nH]1,77
CCC(=O)O[C@]1(c2ccccc2)CCN(C)C[C@H]1CC,-5.284615283,CCC(=O)O[C@]1(c2ccccc2)CCN(C)C[C@H]1CC,78
Cn1c(=O)ccc2ccccc21,-1.046565013,Cn1c(=O)ccc2ccccc21,79
C[C@@H](O)c1ccccc1,-0.919627332,C[C@@H](O)c1ccccc1,80
CCC(=O)O[C@H]1CC[C@H]2[C@@H]3CCC4=CC(=O)CC[C@]4(C)[C@H]3CC[C@]12C,-5.366912005,CCC(=O)O[C@H]1CC[C@H]2[C@@H]3CCC4=CC(=O)CC[C@]4(C)[C@H]3CC[C@]12C,81
O=C(O)c1ccc2ccccc2n1,-1.092339856,O=C(O)c1ccc2ccccc2n1,82
NNC(=O)c1ccncc1,0.008966107,NNC(=O)c1ccncc1,83
CC(C)OP(=O)(F)OC(C)C,-1.077640861,CC(C)OP(=O)(F)OC(C)C,84
NC(=O)c1cnccn1,-0.914211597,NC(=O)c1cnccn1,85
Nc1[nH]c(=O)ncc1F,-0.934809752,Nc1[nH]c(=O)ncc1F,86
CCOC(=O)[C@H](CCc1ccccc1)N[C@@H](C)C(=O)N1CCC[C@H]1C(=O)O,-1.360859646,CCOC(=O)[C@H](CCc1ccccc1)N[C@@H](C)C(=O)N1CCC[C@H]1C(=O)O,87
C[C@@H](N)C(=O)O,0.267639386,C[C@@H](N)C(=O)O,88
N[C@@H](CSCC(=O)O)C(=O)O,-2.049203481,N[C@@H](CSCC(=O)O)C(=O)O,89
CCCCC(C)(O)C/C=C/[C@H]1[C@H](O)CC(=O)[C@@H]1CCCCCCC(=O)OC,-2.378550173,CCCCC(C)(O)C/C=C/[C@H]1[C@H](O)CC(=O)[C@@H]1CCCCCCC(=O)OC,90
O=C(O)CBr,1.100185749,O=C(O)CBr,91
CCn1cc(C(=O)O)c(=O)c2cc(F)c(N3CCNCC3)cc21,-3.203210813,CCn1cc(C(=O)O)c(=O)c2cc(F)c(N3CCNCC3)cc21,92
CN1[C@H]2CC[C@@H]1[C@@H](C(=O)O)[C@@H](O)C2,-0.017268581,CN1[C@H]2CC[C@@H]1[C@@H](C(=O)O)[C@@H](O)C2,93
Nc1nc(=O)c2ncn(CCC(CO)CO)c2[nH]1,-2.173113909,Nc1nc(=O)c2ncn(CCC(CO)CO)c2[nH]1,94
NC(=O)O[C@@H](Cn1ncnn1)c1ccccc1Cl,-2.197150778,NC(=O)O[C@@H](Cn1ncnn1)c1ccccc1Cl,95
CC[C@@H](C)O,0.387733789,CC[C@@H](C)O,96
O=C(O)[C@@H](O)c1ccccc1,0.075414325,O=C(O)[C@@H](O)c1ccccc1,97
N=C(N)NCCC[C@H](N)C(=O)O,0.019020744,N=C(N)NCCC[C@H](N)C(=O)O,98
CC(C)NCCCC1(C(N)=O)c2ccccc2-c2ccccc21,-5.214981022,CC(C)NCCCC1(C(N)=O)c2ccccc2-c2ccccc21,99
O=C(O)c1cccnc1,-0.83501871,O=C(O)c1cccnc1,100
c1cn[nH]c1,-0.545200593,c1cn[nH]c1,101
CCS(=O)(=O)CCn1c([N+](=O)[O-])cnc1C,-1.094321865,CCS(=O)(=O)CCn1c([N+](=O)[O-])cnc1C,102
S=P(N1CC1)(N1CC1)N1CC1,0.001791153,S=P(N1CC1)(N1CC1)N1CC1,103
O=c1[nH]c2ccccc2n1C1CCN(CCCC(c2ccc(F)cc2)c2ccc(F)cc2)CC1,-4.66421518,O=c1[nH]c2ccccc2n1C1CCN(CCCC(c2ccc(F)cc2)c2ccc(F)cc2)CC1,104
O=C1NCN(c2ccccc2)C12CCN(CCCC(c1ccc(F)cc1)c1ccc(F)cc1)CC2,-4.677216916,O=C1NCN(c2ccccc2)C12CCN(CCCC(c1ccc(F)cc1)c1ccc(F)cc1)CC2,105
COc1cc2c(c(OC)c1OC)-c1ccc(OC)c(=O)cc1[C@@H](NC(C)=O)CC2,-0.963165279,COc1cc2c(c(OC)c1OC)-c1ccc(OC)c(=O)cc1[C@@H](NC(C)=O)CC2,106
CN[C@H](CC(C)C)C(=O)N[C@H]1C(=O)N[C@@H](CC(N)=O)C(=O)N[C@H]2C(=O)N[C@H]3C(=O)N[C@H](C(=O)N[C@H](C(=O)O)c4cc(O)cc(O)c4-c4cc3ccc4O)[C@H](O[C@H]3C[C@](C)(N)[C@@H](O)[C@H](C)O3)c3ccc(c(Cl)c3)Oc3cc2cc(c3O[C@@H]2O[C@H](CO)[C@@H](O)[C@H](O)[C@H]2O[C@H]2C[C@](C)(NCc3ccc(-c4ccc(Cl)cc4)cc3)[C@@H](O)[C@H](C)O2)Oc2ccc(cc2Cl)[C@H]1O,-2.253604753,CN[C@H](CC(C)C)C(=O)N[C@H]1C(=O)N[C@@H](CC(N)=O)C(=O)N[C@H]2C(=O)N[C@H]3C(=O)N[C@H](C(=O)N[C@H](C(=O)O)c4cc(O)cc(O)c4-c4cc3ccc4O)[C@H](O[C@H]3C[C@](C)(N)[C@@H](O)[C@H](C)O3)c3ccc(c(Cl)c3)Oc3cc2cc(c3O[C@@H]2O[C@H](CO)[C@@H](O)[C@H](O)[C@H]2O[C@H]2C[C@](C)(NCc3ccc(-c4ccc(Cl)cc4)cc3)[C@@H](O)[C@H](C)O2)Oc2ccc(cc2Cl)[C@H]1O,107
COc1c(O[C@@H]2O[C@H](CO)[C@@H](O)[C@H](O)[C@H]2O)cc2c(c1OC)-c1ccc(SC)c(=O)cc1[C@@H](NC(C)=O)CC2,-1.750986396,COc1c(O[C@@H]2O[C@H](CO)[C@@H](O)[C@H](O)[C@H]2O)cc2c(c1OC)-c1ccc(SC)c(=O)cc1[C@@H](NC(C)=O)CC2,108
CCCSc1nc(N[C@@H]2C[C@H]2c2ccc(F)c(F)c2)c2nnn([C@@H]3C[C@H](OCCO)[C@@H](O)[C@H]3O)c2n1,-4.718142812,CCCSc1nc(N[C@@H]2C[C@H]2c2ccc(F)c(F)c2)c2nnn([C@@H]3C[C@H](OCCO)[C@@H](O)[C@H]3O)c2n1,109
CCn1cc(C(=O)O)c(=O)c2ccc(C)nc21,-3.365928234,CCn1cc(C(=O)O)c(=O)c2ccc(C)nc21,110
COc1cc([C@@H]2c3cc4c(cc3[C@H](O)[C@H]3COC(=O)[C@H]23)OCO4)cc(OC)c1OC,-3.617425301,COc1cc([C@@H]2c3cc4c(cc3[C@H](O)[C@H]3COC(=O)[C@H]23)OCO4)cc(OC)c1OC,111
O=c1[nH]c2cc(Cl)ccc2o1,-2.229336214,O=c1[nH]c2cc(Cl)ccc2o1,112
CCC(C)C(C)(COC(N)=O)COC(N)=O,-2.366005834,CCC(C)C(C)(COC(N)=O)COC(N)=O,113
CN1CCN(C(c2ccccc2)c2ccccc2)CC1,-2.425502756,CN1CCN(C(c2ccccc2)c2ccccc2)CC1,114
NCCCNCCSP(=O)(O)O,0.669133903,NCCCNCCSP(=O)(O)O,115
O=C(O)COCCN1CCN(C(c2ccccc2)c2ccc(Cl)cc2)CC1,-3.585503168,O=C(O)COCCN1CCN(C(c2ccccc2)c2ccc(Cl)cc2)CC1,116
CC(=O)OCC1=C(C(=O)O)N2C(=O)[C@@H](NC(=O)CSc3ccncc3)[C@H]2SC1,-2.613978245,CC(=O)OCC1=C(C(=O)O)N2C(=O)[C@@H](NC(=O)CSc3ccncc3)[C@H]2SC1,117
Nc1ncnc2nc[nH]c12,-2.117903946,Nc1ncnc2nc[nH]c12,118
CC[C@@H](C(N)=O)N1CCCC1=O,0.786043165,CC[C@@H](C(N)=O)N1CCCC1=O,119
O=c1[nH]cc(N(CCCl)CCCl)c(=O)[nH]1,-2.372185623,O=c1[nH]cc(N(CCCl)CCCl)c(=O)[nH]1,120
NS(=O)(=O)c1cc2c(cc1C(F)(F)F)NC(Cc1ccccc1)NS2(=O)=O,-3.591286234,NS(=O)(=O)c1cc2c(cc1C(F)(F)F)NC(Cc1ccccc1)NS2(=O)=O,121
CC(=O)OCC(=O)[C@@]12N=C(C)O[C@@H]1C[C@H]1[C@@H]3CCC4=CC(=O)C=C[C@]4(C)[C@H]3[C@@H](O)C[C@@]12C,-3.61153056,CC(=O)OCC(=O)[C@@]12N=C(C)O[C@@H]1C[C@H]1[C@@H]3CCC4=CC(=O)C=C[C@]4(C)[C@H]3[C@@H](O)C[C@@]12C,122
CC1=C(C(=O)O)N2C(=O)[C@@H](NC(=O)[C@H](N)c3ccccc3)[C@H]2SC1,-1.540816062,CC1=C(C(=O)O)N2C(=O)[C@@H](NC(=O)[C@H](N)c3ccccc3)[C@H]2SC1,123
Nc1ncn([C@H]2C[C@H](O)[C@@H](CO)O2)c(=O)n1,-1.316933041,Nc1ncn([C@H]2C[C@H](O)[C@@H](CO)O2)c(=O)n1,124
C#C[C@]1(O)CC[C@H]2[C@@H]3CCc4cc(O)ccc4[C@H]3CC[C@@]21C,-4.418804738,C#C[C@]1(O)CC[C@H]2[C@@H]3CCc4cc(O)ccc4[C@H]3CC[C@@]21C,125
CN1CCN(C2=Nc3cc(Cl)ccc3Nc3ccccc32)CC1,-4.442430605,CN1CCN(C2=Nc3cc(Cl)ccc3Nc3ccccc32)CC1,126
O=NN(CCCl)C(=O)NC1CCCCC1,-3.323326442,O=NN(CCCl)C(=O)NC1CCCCC1,127
CC1=C(C(=O)O)N2C(=O)[C@@H](NC(=O)[C@H](N)c3ccc(O)cc3)[C@H]2SC1,-2.515047603,CC1=C(C(=O)O)N2C(=O)[C@@H](NC(=O)[C@H](N)c3ccc(O)cc3)[C@H]2SC1,128
CCC1(c2ccccc2)C(=O)NC(=O)NC1=O,-2.320605255,CCC1(c2ccccc2)C(=O)NC(=O)NC1=O,129
Cc1c([N+](=O)[O-])cc([N+](=O)[O-])cc1[N+](=O)[O-],-3.295578764,Cc1c([N+](=O)[O-])cc([N+](=O)[O-])cc1[N+](=O)[O-],130
CC/C(=C(/CC)c1ccc(O)cc1)c1ccc(O)cc1,-4.349530064,CC/C(=C(/CC)c1ccc(O)cc1)c1ccc(O)cc1,131
CN1CCN(CCCN2c3ccccc3Sc3ccc(C(F)(F)F)cc32)CC1,-4.523763519,CN1CCN(CCCN2c3ccccc3Sc3ccc(C(F)(F)F)cc32)CC1,132
N[C@@H]1[C@H]2CN(c3nc4c(cc3F)c(=O)c(C(=O)O)cn4-c3ccc(F)cc3F)C[C@@H]12,-4.529563888,N[C@@H]1[C@H]2CN(c3nc4c(cc3F)c(=O)c(C(=O)O)cn4-c3ccc(F)cc3F)C[C@@H]12,133
C/C1=C2/N=C(/C=C3\N=C(/C(C)=C4\[N-][C@@](C)([C@@H]5N=C1[C@](C)(CCC(=O)NC[C@@H](C)OP(=O)([O-])O[C@H]1[C@@H](O)[C@@H](n6cnc7cc(C)c(C)cc76)O[C@@H]1CO)[C@H]5CC(N)=O)[C@@](C)(CC(N)=O)[C@@H]4CCC(N)=O)[C@@](C)(CC(N)=O)[C@@H]3CCC(N)=O)C(C)(C)[C@@H]2CCC(N)=O.[C-]#N.[Co+3],-2.035146318,C/C1=C2/N=C(/C=C3\N=C(/C(C)=C4\[N-][C@@](C)([C@@H]5N=C1[C@](C)(CCC(=O)NC[C@@H](C)OP(=O)([O-])O[C@H]1[C@@H](O)[C@@H](n6cnc7cc(C)c(C)cc76)O[C@@H]1CO)[C@H]5CC(N)=O)[C@@](C)(CC(N)=O)[C@@H]4CCC(N)=O)[C@@](C)(CC(N)=O)[C@@H]3CCC(N)=O)C(C)(C)[C@@H]2CCC(N)=O.[C-]#N.[Co+3],134
CCC(c1ccccc1)c1c(O)c2ccccc2oc1=O,-4.337060966,CCC(c1ccccc1)c1c(O)c2ccccc2oc1=O,135
C[C@H]1C[C@@H]2[C@H]([C@@H](O)C[C@@]3(C)[C@H]2CC[C@]3(O)C(=O)CO)[C@@]2(C)C=CC(=O)C=C12,-3.494236481,C[C@H]1C[C@@H]2[C@H]([C@@H](O)C[C@@]3(C)[C@H]2CC[C@]3(O)C(=O)CO)[C@@]2(C)C=CC(=O)C=C12,136
CCCn1c(=O)[nH]c(=O)c2[nH]cnc21,-2.209046958,CCCn1c(=O)[nH]c(=O)c2[nH]cnc21,137
CCCc1cc(=O)[nH]c(=S)[nH]1,-2.151859956,CCCc1cc(=O)[nH]c(=S)[nH]1,138
CCc1nc(N)nc(N)c1-c1ccc(Cl)cc1,-3.312909623,CCc1nc(N)nc(N)c1-c1ccc(Cl)cc1,139
CC(C)c1cccc(C(C)C)c1O,-3.157658285,CC(C)c1cccc(C(C)C)c1O,140
C[C@@H]1O[C@@H](OC[C@H]2O[C@@H](Oc3c(-c4ccc(O)c(O)c4)oc4cc(O)cc(O)c4c3=O)[C@H](O)[C@@H](O)[C@@H]2O)[C@H](O)[C@H](O)[C@H]1O,-3.688788104,C[C@@H]1O[C@@H](OC[C@H]2O[C@@H](Oc3c(-c4ccc(O)c(O)c4)oc4cc(O)cc(O)c4c3=O)[C@H](O)[C@@H](O)[C@@H]2O)[C@H](O)[C@H](O)[C@H]1O,141
COC(=O)C(c1ccccc1)C1CCCCN1,-2.269282554,COC(=O)C(c1ccccc1)C1CCCCN1,142
CC1OC(C)OC(C)O1,-0.024182459,CC1OC(C)OC(C)O1,143
CCC1(c2ccccc2)NC(=O)N(C)C1=O,-2.235154113,CCC1(c2ccccc2)NC(=O)N(C)C1=O,144
O=c1oc2ccccc2c(O)c1Cc1c(O)c2ccccc2oc1=O,-3.419510441,O=c1oc2ccccc2c(O)c1Cc1c(O)c2ccccc2oc1=O,145
CCOC(=O)c1ncn2c1CN(C)C(=O)c1cc(F)ccc1-2,-3.37464583,CCOC(=O)c1ncn2c1CN(C)C(=O)c1cc(F)ccc1-2,146
O=C(OCCO)c1ccccc1O,-1.143217483,O=C(OCCO)c1ccccc1O,147
C[C@H](Cn1cnc2c(N)ncnc21)OCP(=O)(O)O,-1.331098236,C[C@H](Cn1cnc2c(N)ncnc21)OCP(=O)(O)O,148
Cc1onc(-c2ccccc2)c1C(=O)N[C@@H]1C(=O)N2[C@@H]1SC(C)(C)[C@@H]2C(=O)O,-4.460601516,Cc1onc(-c2ccccc2)c1C(=O)N[C@@H]1C(=O)N2[C@@H]1SC(C)(C)[C@@H]2C(=O)O,149
O=C(CCCN1CCC(O)(c2ccc(Cl)cc2)CC1)c1ccc(F)cc1,-4.428902696,O=C(CCCN1CCC(O)(c2ccc(Cl)cc2)CC1)c1ccc(F)cc1,150
CN1C(C(=O)Nc2ccccn2)=C(O)c2sccc2S1(=O)=O,-4.378887348,CN1C(C(=O)Nc2ccccn2)=C(O)c2sccc2S1(=O)=O,151
CN(C)CCCN1c2ccccc2Sc2ccccc21,-4.301670261,CN(C)CCCN1c2ccccc2Sc2ccccc21,152
CCCCOC(=O)c1ccc(N)cc1,-3.139982478,CCCCOC(=O)c1ccc(N)cc1,153
C=C[C@H]1CN2CC[C@H]1C[C@@H]2[C@@H](O)c1ccnc2ccc(OC)cc12,-3.3649753,C=C[C@H]1CN2CC[C@H]1C[C@@H]2[C@@H](O)c1ccnc2ccc(OC)cc12,154
CO[C@H]1/C=C/O[C@@]2(C)Oc3c(C)c(O)c4c(O)c(c(/C=N/N5CCN(C)CC5)c(O)c4c3C2=O)NC(=O)/C(C)=C\C=C\[C@H](C)[C@H](O)[C@@H](C)[C@@H](O)[C@@H](C)[C@H](OC(C)=O)[C@@H]1C,-2.769240242,CO[C@H]1/C=C/O[C@@]2(C)Oc3c(C)c(O)c4c(O)c(c(/C=N/N5CCN(C)CC5)c(O)c4c3C2=O)NC(=O)/C(C)=C\C=C\[C@H](C)[C@H](O)[C@@H](C)[C@@H](O)[C@@H](C)[C@H](OC(C)=O)[C@@H]1C,155
CNNCc1ccc(C(=O)NC(C)C)cc1,-2.192690715,CNNCc1ccc(C(=O)NC(C)C)cc1,156
CCCc1c2oc(C(=O)O)cc(=O)c2cc2c(=O)cc(C(=O)O)n(CC)c12,-3.408404666,CCCc1c2oc(C(=O)O)cc(=O)c2cc2c(=O)cc(C(=O)O)n(CC)c12,157
CN1CCN(CCCN2c3ccccc3Sc3ccc(Cl)cc32)CC1,-4.396714149,CN1CCN(CCCN2c3ccccc3Sc3ccc(Cl)cc32)CC1,158
Nc1ccn([C@@H]2O[C@H](CO)[C@@H](O)C2(F)F)c(=O)n1,-1.235591319,Nc1ccn([C@@H]2O[C@H](CO)[C@@H](O)C2(F)F)c(=O)n1,159
O=C(OCc1ccccc1)c1ccccc1,-4.139314496,O=C(OCc1ccccc1)c1ccccc1,160
CC(CN1c2ccccc2Sc2ccccc21)N(C)C,-4.260834007,CC(CN1c2ccccc2Sc2ccccc21)N(C)C,161
O=c1nc[nH]c2c1ncn2[C@H]1CC[C@@H](CO)O1,-1.174672999,O=c1nc[nH]c2c1ncn2[C@H]1CC[C@@H](CO)O1,162
COc1ccc2cc([C@H](C)C(=O)O)ccc2c1,-4.160819867,COc1ccc2cc([C@H](C)C(=O)O)ccc2c1,163
CCC1NC(=O)c2cc(S(N)(=O)=O)c(Cl)cc2N1,-3.285915698,CCC1NC(=O)c2cc(S(N)(=O)=O)c(Cl)cc2N1,164
Nc1ccc(S(=O)(=O)Nc2ccnn2-c2ccccc2)cc1,-2.321338784,Nc1ccc(S(=O)(=O)Nc2ccnn2-c2ccccc2)cc1,165
CC(=O)OCC1=C(C(=O)O)N2C(=O)[C@@H](NC(=O)[C@H](N)c3ccccc3)[C@H]2SC1,-3.420389805,CC(=O)OCC1=C(C(=O)O)N2C(=O)[C@@H](NC(=O)[C@H](N)c3ccccc3)[C@H]2SC1,166
CC(C)NC(=N)NC(=N)Nc1ccc(Cl)cc1,-3.211248933,CC(C)NC(=N)NC(=N)Nc1ccc(Cl)cc1,167
CC(=O)OCC1=C(C(=O)O)N2C(=O)[C@@H](NC(=O)Cc3cccs3)[C@H]2SC1,-3.39951819,CC(=O)OCC1=C(C(=O)O)N2C(=O)[C@@H](NC(=O)Cc3cccs3)[C@H]2SC1,168
CCc1cccc2c3c([nH]c12)C(CC)(CC(=O)O)OCC3,-4.254296509,CCc1cccc2c3c([nH]c12)C(CC)(CC(=O)O)OCC3,169
CCCC(CCC)C(=O)OC1CC2CCC(C1)[N+]2(C)C.[Br-],-2.35500229,CCCC(CCC)C(=O)OC1CC2CCC(C1)[N+]2(C)C.[Br-],170
CC1(C)[C@@H]2CC[C@@]1(C)C(=O)C2,-1.978389964,CC1(C)[C@@H]2CC[C@@]1(C)C(=O)C2,171
CN1C(=O)C(O)N=C(c2ccccc2)c2cc(Cl)ccc21,-3.263347347,CN1C(=O)C(O)N=C(c2ccccc2)c2cc(Cl)ccc21,172
C=CC1=C(C)c2cc3[nH]c(cc4nc(cc5[nH]c(cc1n2)c(C)c5CCC(=O)O)C(CCC(=O)O)=C4C)c(C)c3C=C,-3.522357948,C=CC1=C(C)c2cc3[nH]c(cc4nc(cc5[nH]c(cc1n2)c(C)c5CCC(=O)O)C(CCC(=O)O)=C4C)c(C)c3C=C,173
Nc1ccc(C(=O)O)c(O)c1,-1.957188893,Nc1ccc(C(=O)O)c(O)c1,174
C=CCC1(CC(C)C)C(=O)NC(=O)NC1=O,-2.120295731,C=CCC1(CC(C)C)C(=O)NC(=O)NC1=O,175
CN(C)CCCN1c2ccccc2CCc2ccccc21,-4.187717928,CN(C)CCCN1c2ccccc2CCc2ccccc21,176
C=CCC1(C(C)CC)C(=O)NC(=O)NC1=O,-2.093066078,C=CCC1(C(C)CC)C(=O)NC(=O)NC1=O,177
CN1CC[C@]23CCCC[C@H]2[C@H]1Cc1ccc(O)cc13,-2.145741112,CN1CC[C@]23CCCC[C@H]2[C@H]1Cc1ccc(O)cc13,178
CN1C(=O)CC(=O)N(c2ccccc2)c2cc(Cl)ccc21,-3.204033346,CN1C(=O)CC(=O)N(c2ccccc2)c2cc(Cl)ccc21,179
O=C(O)c1cccnc1Nc1cccc(C(F)(F)F)c1,-4.171831109,O=C(O)c1cccnc1Nc1cccc(C(F)(F)F)c1,180
CCOC(=O)C1=C(C)NC(C)=C(C(=O)OC)C1c1cccc(Cl)c1Cl,-4.290152171,CCOC(=O)C1=C(C)NC(C)=C(C(=O)OC)C1c1cccc(Cl)c1Cl,181
CCOC(=O)[C@H](CCc1ccccc1)N[C@H]1CCc2ccccc2N(CC(=O)O)C1=O,-1.349113351,CCOC(=O)[C@H](CCc1ccccc1)N[C@H]1CCc2ccccc2N(CC(=O)O)C1=O,182
N[C@@H](C(=O)N[C@@H]1C(=O)N2C(C(=O)O)=C(Cl)CS[C@H]12)c1ccccc1,-1.56561999,N[C@@H](C(=O)N[C@@H]1C(=O)N2C(C(=O)O)=C(Cl)CS[C@H]12)c1ccccc1,183
OCC(O)COc1ccc(Cl)cc1,-1.306714461,OCC(O)COc1ccc(Cl)cc1,184
C[C@](N)(Cc1ccc(O)c(O)c1)C(=O)O,-1.324723729,C[C@](N)(Cc1ccc(O)c(O)c1)C(=O)O,185
OC[C@H]1O[C@@H](n2cnc3cncnc32)[C@H](O)[C@@H]1O,-0.401791058,OC[C@H]1O[C@@H](n2cnc3cncnc32)[C@H](O)[C@@H]1O,186
Nc1ncnc2c1ncn2[C@@H]1O[C@H](COP(=O)(O)OP(=O)(O)OP(=O)(O)O)[C@@H](O)[C@H]1O,0.294837024,Nc1ncnc2c1ncn2[C@@H]1O[C@H](COP(=O)(O)OP(=O)(O)OP(=O)(O)O)[C@@H](O)[C@H]1O,187
CN1CCC[C@H]1c1cccnc1,0.789864549,CN1CCC[C@H]1c1cccnc1,188
O=P(O)(O)O[C@H]1O[C@H](CO)[C@@H](O)[C@H](O)[C@H]1O,0.584799876,O=P(O)(O)O[C@H]1O[C@H](CO)[C@@H](O)[C@H](O)[C@H]1O,189
O=C(O)[C@@H](O)[C@H](O)C(=O)O,0.823657502,O=C(O)[C@@H](O)[C@H](O)C(=O)O,190
C[C@H](O)CCO,1.045173998,C[C@H](O)CCO,191
CCOc1ccc(Nc2ccc(/C(=C3/C=C/C(=[N+](/CC)Cc4cccc(S(=O)(=O)[O-])c4)C=C3C)c3ccc(N(CC)Cc4cccc(S(=O)(=O)[O-])c4)cc3C)cc2)cc1.[Na+],-2.931468041,CCOc1ccc(Nc2ccc(/C(=C3/C=C/C(=[N+](/CC)Cc4cccc(S(=O)(=O)[O-])c4)C=C3C)c3ccc(N(CC)Cc4cccc(S(=O)(=O)[O-])c4)cc3C)cc2)cc1.[Na+],192
C[C@@H]1C[C@H]2[C@@H]3C[C@H](F)C4=CC(=O)C=C[C@]4(C)[C@@]3(F)[C@@H](O)C[C@]2(C)[C@H]1C(=O)CO,-5.288505831,C[C@@H]1C[C@H]2[C@@H]3C[C@H](F)C4=CC(=O)C=C[C@]4(C)[C@@]3(F)[C@@H](O)C[C@]2(C)[C@H]1C(=O)CO,193
C#C[C@]1(O)CC[C@H]2[C@@H]3CCC4=CC(=O)CC[C@@H]4[C@H]3CC[C@@]21CC,-5.18302083,C#C[C@]1(O)CC[C@H]2[C@@H]3CCC4=CC(=O)CC[C@@H]4[C@H]3CC[C@@]21CC,194
CC1=C(C(=O)O)N2C(=O)[C@@H](NC(=O)[C@H](N)C3=CCC=CC3)[C@H]2SC1,-1.214949512,CC1=C(C(=O)O)N2C(=O)[C@@H](NC(=O)[C@H](N)C3=CCC=CC3)[C@H]2SC1,195
CC(C)C[C@H](N)C(=O)O,-0.78540566,CC(C)C[C@H](N)C(=O)O,196
OC[C@@H](O)[C@@H](O)[C@H](O)[C@H](O)CO,0.073972602,OC[C@@H](O)[C@@H](O)[C@H](O)[C@H](O)CO,197
Cn1c(=O)c2c(ncn2C)n(C)c1=O,-0.95176847,Cn1c(=O)c2c(ncn2C)n(C)c1=O,198
OC[C@H]1O[C@@](CO)(O[C@H]2O[C@H](CO)[C@@H](O)[C@H](O)[C@H]2O)[C@@H](O)[C@@H]1O,0.787816836,OC[C@H]1O[C@@](CO)(O[C@H]2O[C@H](CO)[C@@H](O)[C@H](O)[C@H]2O)[C@@H](O)[C@@H]1O,199
COC(=O)C1=C(C)NC(C)=C(C(=O)OCCN(C)Cc2ccccc2)C1c1cccc([N+](=O)[O-])c1,-5.338388573,COC(=O)C1=C(C)NC(C)=C(C(=O)OCCN(C)Cc2ccccc2)C1c1cccc([N+](=O)[O-])c1,200
OCCc1ccccc1,-0.740591692,OCCc1ccccc1,201
Cc1ncc(CO)c(CO)c1O,0.114079308,Cc1ncc(CO)c(CO)c1O,202
O=C(O)C(=O)O,0.388011794,O=C(O)C(=O)O,203
Cc1nc2n(c(=O)c1CCN1CCC(c3noc4cc(F)ccc34)CC1)CCCC2,-2.245940842,Cc1nc2n(c(=O)c1CCN1CCC(c3noc4cc(F)ccc34)CC1)CCCC2,204
O=C(O)Cc1ccccc1Nc1c(Cl)cccc1Cl,-5.096761924,O=C(O)Cc1ccccc1Nc1c(Cl)cccc1Cl,205
CN1CC[C@]23c4c5ccc(O)c4O[C@H]2C(=O)CC[C@@]3(O)[C@H]1C5,-1.098841363,CN1CC[C@]23c4c5ccc(O)c4O[C@H]2C(=O)CC[C@@]3(O)[C@H]1C5,206
CCCCC(=O)O,-0.628949319,CCCCC(=O)O,207
CN(C)CCCN1c2ccccc2Sc2ccc(Cl)cc21,-5.097065309,CN(C)CCCN1c2ccccc2Sc2ccc(Cl)cc21,208
COc1ccccc1OCC(O)COC(N)=O,-0.984510211,COc1ccccc1OCC(O)COC(N)=O,209
C[C@@H](CO)NC(=O)[C@@H]1C=C2c3cccc4[nH]cc(c34)C[C@H]2N(C)C1,-2.084289161,C[C@@H](CO)NC(=O)[C@@H]1C=C2c3cccc4[nH]cc(c34)C[C@H]2N(C)C1,210
N[C@@H](Cc1ccccc1)C(=O)O,-0.788229107,N[C@@H](Cc1ccccc1)C(=O)O,211
COc1cc(N)c(Cl)cc1C(=O)N[C@@H]1CCN(CCCOc2ccc(F)cc2)C[C@@H]1OC,-5.235365365,COc1cc(N)c(Cl)cc1C(=O)N[C@@H]1CCN(CCCOc2ccc(F)cc2)C[C@@H]1OC,212
N[C@@H](CS)C(=O)O,0.359127673,N[C@@H](CS)C(=O)O,213
CCCCCc1cc(O)c2c(c1)OC(C)(C)[C@@H]1CCC(C)=C[C@@H]21,-5.050409727,CCCCCc1cc(O)c2c(c1)OC(C)(C)[C@@H]1CCC(C)=C[C@@H]21,214
NC(=O)C[C@H](N)C(=O)O,-0.652614332,NC(=O)C[C@H](N)C(=O)O,215
CC(=O)OCC(=O)[C@@]1(O)CC[C@H]2[C@@H]3CCC4=CC(=O)CC[C@]4(C)[C@H]3C(=O)C[C@@]21C,-4.303715064,CC(=O)OCC(=O)[C@@]1(O)CC[C@H]2[C@@H]3CCC4=CC(=O)CC[C@]4(C)[C@H]3C(=O)C[C@@]21C,216
COc1ccc2c(c1)N(C[C@H](C)CN(C)C)c1ccccc1S2,-4.215468359,COc1ccc2c(c1)N(C[C@H](C)CN(C)C)c1ccccc1S2,217
CNC1=Nc2ccc(Cl)cc2C(c2ccccc2)=[N+]([O-])C1,-2.17573644,CNC1=Nc2ccc(Cl)cc2C(c2ccccc2)=[N+]([O-])C1,218
O=c1[nH]c(=O)n([C@H]2C[C@H](O)[C@@H](CO)O2)cc1I,-2.248094091,O=c1[nH]c(=O)n([C@H]2C[C@H](O)[C@@H](CO)O2)cc1I,219
NC(=O)c1ccccc1O,-1.823284257,NC(=O)c1ccccc1O,220
CC(C)Cc1ccc(C(C)C(=O)O)cc1,-3.992239512,CC(C)Cc1ccc(C(C)C(=O)O)cc1,221
Cc1oncc1C(=O)Nc1ccc(C(F)(F)F)cc1,-4.109477783,Cc1oncc1C(=O)Nc1ccc(C(F)(F)F)cc1,222
O=C(O)c1cc(=O)c2c(OCC(O)COc3cccc4oc(C(=O)O)cc(=O)c34)cccc2o1,-3.34836653,O=C(O)c1cc(=O)c2c(OCC(O)COc3cccc4oc(C(=O)O)cc(=O)c34)cccc2o1,223
NC(=O)N/N=C/c1ccc([N+](=O)[O-])o1,-2.974744535,NC(=O)N/N=C/c1ccc([N+](=O)[O-])o1,224
Nc1c2c(nc3ccccc13)CCCC2,-2.960783473,Nc1c2c(nc3ccccc13)CCCC2,225
Cc1cnc(NC(=O)C2=C(O)c3ccccc3S(=O)(=O)N2C)s1,-4.466621747,Cc1cnc(NC(=O)C2=C(O)c3ccccc3S(=O)(=O)N2C)s1,226
Cc1ccnc2c1ccc1c(C)ccnc12,-3.968354718,Cc1ccnc2c1ccc1c(C)ccnc12,227
O=C(O)CCCC[C@@H]1SC[C@@H]2NC(=O)N[C@@H]21,-3.045520341,O=C(O)CCCC[C@@H]1SC[C@@H]2NC(=O)N[C@@H]21,228
Nc1cc(N2CCCCC2)nc(N)[n+]1[O-],-1.978239258,Nc1cc(N2CCCCC2)nc(N)[n+]1[O-],229
CN1[C@@H]2CC[C@H]1C[C@@H](OC(=O)C(CO)c1ccccc1)C2,-2.119029923,CN1[C@@H]2CC[C@H]1C[C@@H](OC(=O)C(CO)c1ccccc1)C2,230
Cc1ccc(C(=O)c2ccc(CC(=O)O)n2C)cc1,-3.064060649,Cc1ccc(C(=O)c2ccc(CC(=O)O)n2C)cc1,231
C[C@]12C=CC(=O)C=C1CC[C@@H]1[C@@H]2[C@@H](O)C[C@@]2(C)[C@H]1CC[C@]2(O)C(=O)CO,-3.208532938,C[C@]12C=CC(=O)C=C1CC[C@@H]1[C@@H]2[C@@H](O)C[C@@]2(C)[C@H]1CC[C@]2(O)C(=O)CO,232
O=C(O)c1ccccc1O,-1.790010752,O=C(O)c1ccccc1O,233
C[C@]12CC[C@H]3[C@@H](CCC4=CC(=O)CC[C@@]43C)[C@@H]1CC[C@@H]2O,-4.09081614,C[C@]12CC[C@H]3[C@@H](CCC4=CC(=O)CC[C@@]43C)[C@@H]1CC[C@@H]2O,234
CN(C)[C@@H]1C(O)=C(C(N)=O)C(=O)[C@@]2(O)C(O)=C3C(=O)c4c(O)cccc4[C@@](C)(O)[C@H]3C[C@@H]12,-3.004355186,CN(C)[C@@H]1C(O)=C(C(N)=O)C(=O)[C@@]2(O)C(O)=C3C(=O)c4c(O)cccc4[C@@](C)(O)[C@H]3C[C@@H]12,235
CCCCN1CCCCC1C(=O)Nc1c(C)cccc1C,-3.219987195,CCCCN1CCCCC1C(=O)Nc1c(C)cccc1C,236
O=C(CCBr)N1CCN(C(=O)CCBr)CC1,-2.155316522,O=C(CCBr)N1CCN(C(=O)CCBr)CC1,237
OC(CCN1CCCCC1)(c1ccccc1)C1CC2C=CC1C2,-4.093730092,OC(CCN1CCCCC1)(c1ccccc1)C1CC2C=CC1C2,238
CCC1(C2=CCCCCC2)C(=O)NC(=O)NC1=O,-3.000509736,CCC1(C2=CCCCCC2)C(=O)NC(=O)NC1=O,239
O=C(N[C@H](CO)[C@H](O)c1ccc([N+](=O)[O-])cc1)C(Cl)Cl,-2.111435928,O=C(N[C@H](CO)[C@H](O)c1ccc([N+](=O)[O-])cc1)C(Cl)Cl,240
C#CC1(OC(N)=O)CCCCC1,-1.825309252,C#CC1(OC(N)=O)CCCCC1,241
CN1C(=O)CCS(=O)(=O)C1c1ccc(Cl)cc1,-2.039391908,CN1C(=O)CCS(=O)(=O)C1c1ccc(Cl)cc1,242
Oc1ccc(OCc2ccccc2)cc1,-2.901862367,Oc1ccc(OCc2ccccc2)cc1,243
CCCC(=O)Nc1ccc(OCC(O)CNC(C)C)c(C(C)=O)c1,-3.113589659,CCCC(=O)Nc1ccc(OCC(O)CNC(C)C)c(C(C)=O)c1,244
COc1ccc2c(c1)[C@]13CCCC[C@@H]1[C@H](C2)N(C)CC3,-3.479373735,COc1ccc2c(c1)[C@]13CCCC[C@@H]1[C@H](C2)N(C)CC3,245
CCCCC[C@H](O)/C=C/[C@H]1[C@H](O)CC(=O)[C@@H]1CCCCCCC(=O)O,-4.123089052,CCCCC[C@H](O)/C=C/[C@H]1[C@H](O)CC(=O)[C@@H]1CCCCCCC(=O)O,246
Nc1ccc(S(=O)(=O)Nc2ccccn2)cc1,-2.968568321,Nc1ccc(S(=O)(=O)Nc2ccccn2)cc1,247
c1cnc2c(c1)ccc1cccnc12,-1.82601528,c1cnc2c(c1)ccc1cccnc12,248
CCCN(CCC)S(=O)(=O)c1ccc(C(=O)O)cc1,-4.022422284,CCCN(CCC)S(=O)(=O)c1ccc(C(=O)O)cc1,249
COc1ccc([C@@H]2CC(=O)c3c(O)cc(O)cc3O2)cc1O,-3.044245042,COc1ccc([C@@H]2CC(=O)c3c(O)cc(O)cc3O2)cc1O,250
OCCN1CCN(CCCN2c3ccccc3Sc3ccc(Cl)cc32)CC1,-4.154561604,OCCN1CCN(CCCN2c3ccccc3Sc3ccc(Cl)cc32)CC1,251
CC1COc2c(N3CCN(C)CC3)c(F)cc3c(=O)c(C(=O)O)cn1c23,-1.106162656,CC1COc2c(N3CCN(C)CC3)c(F)cc3c(=O)c(C(=O)O)cn1c23,252
C[C@@H](Cl)CCl,-1.605866602,C[C@@H](Cl)CCl,253
CC1=NS(=O)(=O)c2cc(Cl)ccc2N1,-1.908148138,CC1=NS(=O)(=O)c2cc(Cl)ccc2N1,254
NNCCc1ccccc1,-0.670265943,NNCCc1ccccc1,255
O=C([O-])CC(O)(CC(=O)[O-])C(=O)[O-].[Na+].[Na+].[Na+],-0.943386826,O=C([O-])CC(O)(CC(=O)[O-])C(=O)[O-].[Na+].[Na+].[Na+],256
C[C@H](N)[C@@H](O)c1ccccc1,-0.87853788,C[C@H](N)[C@@H](O)c1ccccc1,257
Cn1c(=O)c2[nH]cnc2n(C)c1=O.Cn1c(=O)c2[nH]cnc2n(C)c1=O.NCCN,-0.322659983,Cn1c(=O)c2[nH]cnc2n(C)c1=O.Cn1c(=O)c2[nH]cnc2n(C)c1=O.NCCN,258
CC(=O)NC[C@H]1CN(c2ccc(N3CCOCC3)c(F)c2)C(=O)O1,-2.050954439,CC(=O)NC[C@H]1CN(c2ccc(N3CCOCC3)c(F)c2)C(=O)O1,259
CCC(=O)O[C@](Cc1ccccc1)(c1ccccc1)[C@H](C)CN(C)C,-5.009664852,CCC(=O)O[C@](Cc1ccccc1)(c1ccccc1)[C@H](C)CN(C)C,260
Cn1c(=O)c2c(ncn2CC(O)CO)n(C)c1=O,0.117195912,Cn1c(=O)c2c(ncn2CC(O)CO)n(C)c1=O,261
CCn1cc(C(=O)O)c(=O)c2cc(F)c(N3CCNCC3)nc21,-1.970288444,CCn1cc(C(=O)O)c(=O)c2cc(F)c(N3CCNCC3)nc21,262
CC[C@H](C)[C@H](N)C(=O)O,-0.581285678,CC[C@H](C)[C@H](N)C(=O)O,263
CCCc1nn(C)c2c(=O)[nH]c(-c3cc(S(=O)(=O)N4CCN(C)CC4)ccc3OCC)nc12,-2.132237727,CCCc1nn(C)c2c(=O)[nH]c(-c3cc(S(=O)(=O)N4CCN(C)CC4)ccc3OCC)nc12,264
Nc1nc(F)nc2c1ncn2[C@@H]1O[C@H](CO)[C@@H](O)[C@@H]1O,-1.90742811,Nc1nc(F)nc2c1ncn2[C@@H]1O[C@H](CO)[C@@H](O)[C@@H]1O,265
CCOC(=O)[C@H](CCc1ccccc1)N[C@@H](C)C(=O)N1[C@H](C(=O)O)C[C@@H]2CCC[C@@H]21,-5.075558014,CCOC(=O)[C@H](CCc1ccccc1)N[C@@H](C)C(=O)N1[C@H](C(=O)O)C[C@@H]2CCC[C@@H]21,266
C[C@]12CC[C@@H]3c4ccc(O)cc4CC[C@H]3[C@@H]1CC[C@@H]2O,-4.878875904,C[C@]12CC[C@@H]3c4ccc(O)cc4CC[C@H]3[C@@H]1CC[C@@H]2O,267
Cc1onc(-c2c(Cl)cccc2Cl)c1C(=O)N[C@@H]1C(=O)N2[C@@H]1SC(C)(C)[C@@H]2C(=O)O,-5.112492363,Cc1onc(-c2c(Cl)cccc2Cl)c1C(=O)N[C@@H]1C(=O)N2[C@@H]1SC(C)(C)[C@@H]2C(=O)O,268
C[C@@](Cc1ccc(O)c(O)c1)(NN)C(=O)O,-4.774765063,C[C@@](Cc1ccc(O)c(O)c1)(NN)C(=O)O,269
C[C@H]1O[C@@H](O[C@H]2[C@@H](O)C[C@H](O[C@H]3[C@@H](O)C[C@H](O[C@H]4CC[C@@]5(C)[C@H](CC[C@@H]6[C@@H]5CC[C@]5(C)[C@@H](C7=CC(=O)OC7)CC[C@]65O)C4)O[C@@H]3C)O[C@@H]2C)C[C@H](O)[C@@H]1O,-5.292562254,C[C@H]1O[C@@H](O[C@H]2[C@@H](O)C[C@H](O[C@H]3[C@@H](O)C[C@H](O[C@H]4CC[C@@]5(C)[C@H](CC[C@@H]6[C@@H]5CC[C@]5(C)[C@@H](C7=CC(=O)OC7)CC[C@]65O)C4)O[C@@H]3C)O[C@@H]2C)C[C@H](O)[C@@H]1O,270
CC(=O)[C@@]1(O)CC[C@H]2[C@@H]3C[C@H](C)C4=CC(=O)C=C[C@]4(C)[C@@]3(F)[C@@H](O)C[C@@]21C,-4.098599544,CC(=O)[C@@]1(O)CC[C@H]2[C@@H]3C[C@H](C)C4=CC(=O)C=C[C@]4(C)[C@@]3(F)[C@@H](O)C[C@@]21C,271
OC[C@H]1O[C@@H](n2cnc3c2N=CNC[C@H]3O)C[C@@H]1O,-0.951449398,OC[C@H]1O[C@@H](n2cnc3c2N=CNC[C@H]3O)C[C@@H]1O,272
NS(=O)(=O)c1cc2c(cc1C(F)(F)F)NCNS2(=O)=O,-3.043089694,NS(=O)(=O)c1cc2c(cc1C(F)(F)F)NCNS2(=O)=O,273
CN(C)CCOC(c1ccccc1)c1ccccc1.Cn1c(=O)c2nc(Cl)[nH]c2n(C)c1=O,-2.194948881,CN(C)CCOC(c1ccccc1)c1ccccc1.Cn1c(=O)c2nc(Cl)[nH]c2n(C)c1=O,274
Nc1ncnc2c1ccn2[C@@H]1O[C@H](CO)[C@@H](O)[C@H]1O,-1.948173744,Nc1ncnc2c1ccn2[C@@H]1O[C@H](CO)[C@@H](O)[C@H]1O,275
COc1cc(NCc2ccc3nc(N)nc(N)c3c2C)cc(OC)c1OC,-4.070587934,COc1cc(NCc2ccc3nc(N)nc(N)c3c2C)cc(OC)c1OC,276
CN(C)CCC=C1c2ccccc2COc2ccccc21,-3.946502168,CN(C)CCC=C1c2ccccc2COc2ccccc21,277
CN(C)[C@@H]1C(O)=C(C(N)=O)C(=O)[C@@]2(O)C(O)=C3C(=O)c4c(O)cccc4[C@@](C)(O)[C@H]3[C@H](O)[C@@H]12,-3.167623048,CN(C)[C@@H]1C(O)=C(C(N)=O)C(=O)[C@@]2(O)C(O)=C3C(=O)c4c(O)cccc4[C@@](C)(O)[C@H]3[C@H](O)[C@@H]12,278
C[C@]12CCC(=O)C=C1CC[C@@H]1[C@@H]2[C@@H](O)C[C@@]2(C)[C@H]1CC[C@]2(O)C(=O)CO,-3.054109988,C[C@]12CCC(=O)C=C1CC[C@@H]1[C@@H]2[C@@H](O)C[C@@]2(C)[C@H]1CC[C@]2(O)C(=O)CO,279
OCc1ccccc1,-0.51546359,OCc1ccccc1,280
C[C@]12CCC(=O)C=C1CC[C@@H]1[C@@H]2CC[C@@]2(C)[C@H]1CC[C@]2(C)O,-3.950455327,C[C@]12CCC(=O)C=C1CC[C@@H]1[C@@H]2CC[C@@]2(C)[C@H]1CC[C@]2(C)O,281
Cn1cnc2c1c(=O)[nH]c(=O)n2C,-2.737154076,Cn1cnc2c1c(=O)[nH]c(=O)n2C,282
CCC(=O)N(c1ccccc1)C1(COC)CCN(CCn2nnn(CC)c2=O)CC1,-4.080556841,CCC(=O)N(c1ccccc1)C1(COC)CCN(CCn2nnn(CC)c2=O)CC1,283
COc1cc(NS(=O)(=O)c2ccc(N)cc2)nc(OC)n1,-2.956528242,COc1cc(NS(=O)(=O)c2ccc(N)cc2)nc(OC)n1,284
CC(=O)/N=c1/sc(S(N)(=O)=O)nn1C,-1.829322155,CC(=O)/N=c1/sc(S(N)(=O)=O)nn1C,285
c1ccc2[nH]ccc2c1,-1.51728451,c1ccc2[nH]ccc2c1,286
C[C@@H]1[C@H](O)[C@@H](C)/C=C/C=C/CC/C=C/C=C/C=C/C=C/[C@H](O[C@@H]2O[C@H](C)[C@@H](O)[C@H](N)[C@@H]2O)C[C@@H]2O[C@](O)(C[C@@H](O)[C@H](O)CC[C@@H](O)C[C@@H](O)C[C@@H](O)CC(=O)O[C@H]1C)C[C@H](O)[C@H]2C(=O)O,-3.410358666,C[C@@H]1[C@H](O)[C@@H](C)/C=C/C=C/CC/C=C/C=C/C=C/C=C/[C@H](O[C@@H]2O[C@H](C)[C@@H](O)[C@H](N)[C@@H]2O)C[C@@H]2O[C@](O)(C[C@@H](O)[C@H](O)CC[C@@H](O)C[C@@H](O)C[C@@H](O)CC(=O)O[C@H]1C)C[C@H](O)[C@H]2C(=O)O,287
O=c1cc[nH]c(=O)[nH]1,-1.49325197,O=c1cc[nH]c(=O)[nH]1,288
Cc1cnc(C(=O)NCCc2ccc(S(=O)(=O)NC(=O)NC3CCCCC3)cc2)cn1,-4.078338887,Cc1cnc(C(=O)NCCc2ccc(S(=O)(=O)NC(=O)NC3CCCCC3)cc2)cn1,289
c1ccc(CC2=NCCN2)cc1,-2.63299624,c1ccc(CC2=NCCN2)cc1,290
Nc1ccc(S(=O)(=O)Nc2nccs2)cc1,-2.835370901,Nc1ccc(S(=O)(=O)Nc2nccs2)cc1,291
O=P1(NCCCl)OCCCN1CCCl,-1.839291785,O=P1(NCCCl)OCCCN1CCCl,292
Cc1c[nH]c(=O)[nH]c1=O,-1.518697527,Cc1c[nH]c(=O)[nH]c1=O,293
CCC1(C)CC(=O)NC1=O,-0.556449272,CCC1(C)CC(=O)NC1=O,294
Oc1c(Cl)cc(Cl)cc1Sc1cc(Cl)cc(Cl)c1O,-4.949453438,Oc1c(Cl)cc(Cl)cc1Sc1cc(Cl)cc(Cl)c1O,295
COC(=O)N(C)c1c(N)nc(-c2nn(Cc3ccccc3F)c3ncccc23)nc1N,-5.02368006,COC(=O)N(C)c1c(N)nc(-c2nn(Cc3ccccc3F)c3ncccc23)nc1N,296
NCC(CC(=O)O)c1ccc(Cl)cc1,-1.67180932,NCC(CC(=O)O)c1ccc(Cl)cc1,297
CCN(CC)C(=S)SSC(=S)N(CC)CC,-4.860358511,CCN(CC)C(=S)SSC(=S)N(CC)CC,298
NC(=O)CC[C@H](N)C(=O)O,-0.548832424,NC(=O)CC[C@H](N)C(=O)O,299
O=C(CCCN1CC=C(n2c(=O)[nH]c3ccccc32)CC1)c1ccc(F)cc1,-4.954846594,O=C(CCCN1CC=C(n2c(=O)[nH]c3ccccc32)CC1)c1ccc(F)cc1,300
N[C@@H](CO)C(=O)O,0.606816793,N[C@@H](CO)C(=O)O,301
Cc1nnc2n1-c1ccc(Cl)cc1C(c1ccccc1Cl)=NC2,-4.879461731,Cc1nnc2n1-c1ccc(Cl)cc1C(c1ccccc1Cl)=NC2,302
N[C@@H](Cc1c[nH]cn1)C(=O)O,-0.531799813,N[C@@H](Cc1c[nH]cn1)C(=O)O,303
Oc1ccccc1O,0.621871796,Oc1ccccc1O,304
CC(=O)OCC(=O)[C@@]12OC(C)(C)O[C@@H]1C[C@H]1[C@@H]3C[C@H](F)C4=CC(=O)C=C[C@]4(C)[C@@]3(F)[C@@H](O)C[C@@]12C,-5.018409822,CC(=O)OCC(=O)[C@@]12OC(C)(C)O[C@@H]1C[C@H]1[C@@H]3C[C@H](F)C4=CC(=O)C=C[C@]4(C)[C@@]3(F)[C@@H](O)C[C@@]12C,305
CCCCCCCCCCCC(=O)O,-4.619574466,CCCCCCCCCCCC(=O)O,306
COc1cc(C(=O)NCc2ccc(OCCN(C)C)cc2)cc(OC)c1OC,-3.987283408,COc1cc(C(=O)NCc2ccc(OCCN(C)C)cc2)cc(OC)c1OC,307
O=C1OCCN1/N=C/c1ccc([N+](=O)[O-])o1,-3.750431249,O=C1OCCN1/N=C/c1ccc([N+](=O)[O-])o1,308
O=C(C1CCCCC1)N1CC(=O)N2CCc3ccccc3C2C1,-2.892659514,O=C(C1CCCCC1)N1CC(=O)N2CCc3ccccc3C2C1,309
COc1cc(Cc2cnc(N)nc2N)cc(OC)c1OC,-2.860813523,COc1cc(Cc2cnc(N)nc2N)cc(OC)c1OC,310
O=NN(CCCl)C(=O)NCCCl,-1.728455241,O=NN(CCCl)C(=O)NCCCl,311
C=CCC1(C(C)C)C(=O)NC(=O)NC1=O,-1.712034114,C=CCC1(C(C)C)C(=O)NC(=O)NC1=O,312
C=C(C)[C@@H]1C2OC(=O)C1[C@]1(O)CC3O[C@]34C(=O)O[C@H]2[C@]14C.CC(C)(O)[C@@H]1C2OC(=O)C1[C@]1(O)C[C@H]3O[C@]34C(=O)O[C@H]2[C@]14C,-2.167233163,C=C(C)[C@@H]1C2OC(=O)C1[C@]1(O)CC3O[C@]34C(=O)O[C@H]2[C@]14C.CC(C)(O)[C@@H]1C2OC(=O)C1[C@]1(O)C[C@H]3O[C@]34C(=O)O[C@H]2[C@]14C,313
C[C@@H]1C[C@H]2[C@@H]3CCC4=CC(=O)C=C[C@]4(C)[C@@]3(F)[C@@H](O)C[C@]2(C)[C@H]1C(=O)CO,-3.951438703,C[C@@H]1C[C@H]2[C@@H]3CCC4=CC(=O)C=C[C@]4(C)[C@@]3(F)[C@@H](O)C[C@]2(C)[C@H]1C(=O)CO,314
CN(C)/N=N/c1[nH]cnc1C(N)=O,-1.635204934,CN(C)/N=N/c1[nH]cnc1C(N)=O,315
COc1c(C)c2c(c(O)c1C/C=C(\C)CCC(=O)OCCN1CCOCC1)C(=O)OC2,-4.003515336,COc1c(C)c2c(c(O)c1C/C=C(\C)CCC(=O)OCCN1CCOCC1)C(=O)OC2,316
Nc1nc2c(ncn2COC(CO)CO)c(=O)[nH]1,-1.773464286,Nc1nc2c(ncn2COC(CO)CO)c(=O)[nH]1,317
COc1ccc(CCN2CCC(Nc3nc4ccccc4n3Cc3ccc(F)cc3)CC2)cc1,-3.025922177,COc1ccc(CCN2CCC(Nc3nc4ccccc4n3Cc3ccc(F)cc3)CC2)cc1,318
CN1C(=O)NC(=O)C(C)(C2=CCCCC2)C1=O,-2.73491381,CN1C(=O)NC(=O)C(C)(C2=CCCCC2)C1=O,319
CC(C)N(CCC(C(N)=O)(c1ccccc1)c1ccccn1)C(C)C,-3.878560816,CC(C)N(CCC(C(N)=O)(c1ccccc1)c1ccccn1)C(C)C,320
CC1(C)S[C@@H]2[C@H](NC(=O)C(C(=O)O)c3ccccc3)C(=O)N2[C@H]1C(=O)O,-2.923774586,CC1(C)S[C@@H]2[C@H](NC(=O)C(C(=O)O)c3ccccc3)C(=O)N2[C@H]1C(=O)O,321
c1ccc2cnccc2c1,-1.455984894,c1ccc2cnccc2c1,322
N[C@H](Cc1ccc(O)cc1)C(=O)O,-2.602032428,N[C@H](Cc1ccc(O)cc1)C(=O)O,323
CCCC(C)(COC(N)=O)COC(N)=O,-1.666856792,CCCC(C)(COC(N)=O)COC(N)=O,324
N[C@@H](Cc1ccc(O)cc1)C(=O)O,-2.577795116,N[C@@H](Cc1ccc(O)cc1)C(=O)O,325
CC(O)C(=O)[O-].CC(O)C(=O)[O-].[Ca+2],-0.657649334,CC(O)C(=O)[O-].CC(O)C(=O)[O-].[Ca+2],326
O=C(O)[C@H]1O[C@@H](O)[C@H](O)[C@@H](O)[C@@H]1O,0.397628056,O=C(O)[C@H]1O[C@@H](O)[C@H](O)[C@@H](O)[C@@H]1O,327
CCCCC1(CC)C(=O)NC(=O)NC1=O,-1.638418874,CCCCC1(CC)C(=O)NC(=O)NC1=O,328
C=CCC1(C(C)CCC)C(=O)NC(=S)NC1=O,-3.711703086,C=CCC1(C(C)CCC)C(=O)NC(=S)NC1=O,329
CC(C)[C@@H]1CC[C@@H](C)C[C@H]1O,-2.503666192,CC(C)[C@@H]1CC[C@@H](C)C[C@H]1O,330
Cc1cnc(Nc2ccc(OCCN3CCCC3)cc2)nc1Nc1cccc(S(=O)(=O)NC(C)(C)C)c1,-5.117832863,Cc1cnc(Nc2ccc(OCCN3CCCC3)cc2)nc1Nc1cccc(S(=O)(=O)NC(C)(C)C)c1,331
CC(O)(CS(=O)(=O)c1ccc(F)cc1)C(=O)Nc1ccc(C#N)c(C(F)(F)F)c1,-4.934875013,CC(O)(CS(=O)(=O)c1ccc(F)cc1)C(=O)Nc1ccc(C#N)c(C(F)(F)F)c1,332
CC(=O)N[C@@H]1C(O[C@@H]2O[C@H](C(=O)O)[C@@H](O)[C@H](O)[C@H]2O)[C@H](O)[C@@H](CO)O[C@H]1O[C@H]1[C@H](O)[C@@H](O)[C@H](OC2[C@@H](NC(C)=O)[C@H](O)O[C@H](CO)[C@H]2O)O[C@@H]1C(=O)O,-2.191254559,CC(=O)N[C@@H]1C(O[C@@H]2O[C@H](C(=O)O)[C@@H](O)[C@H](O)[C@H]2O)[C@H](O)[C@@H](CO)O[C@H]1O[C@H]1[C@H](O)[C@@H](O)[C@H](OC2[C@@H](NC(C)=O)[C@H](O)O[C@H](CO)[C@H]2O)O[C@@H]1C(=O)O,333
C[C@]12C/C(=C/O)C(=O)C[C@@H]1CC[C@@H]1[C@@H]2CC[C@@]2(C)[C@H]1CC[C@]2(C)O,-4.804933027,C[C@]12C/C(=C/O)C(=O)C[C@@H]1CC[C@@H]1[C@@H]2CC[C@@]2(C)[C@H]1CC[C@]2(C)O,334
CN(C)c1ccc(O)c2c1C[C@H]1C[C@H]3[C@H](N(C)C)C(O)=C(C(N)=O)C(=O)[C@@]3(O)C(O)=C1C2=O,-0.944365351,CN(C)c1ccc(O)c2c1C[C@H]1C[C@H]3[C@H](N(C)C)C(O)=C(C(N)=O)C(=O)[C@@]3(O)C(O)=C1C2=O,335
CC(=O)[C@@]1(C)CC[C@H]2[C@@H]3C=C(C)C4=CC(=O)CC[C@]4(C)[C@H]3CC[C@@]21C,-5.276853539,CC(=O)[C@@]1(C)CC[C@H]2[C@@H]3C=C(C)C4=CC(=O)CC[C@]4(C)[C@H]3CC[C@@]21C,336
CSCC[C@H](N)C(=O)O,-0.42098441,CSCC[C@H](N)C(=O)O,337
CC(C)[C@H](N)C(=O)O,-0.30157271,CC(C)[C@H](N)C(=O)O,338
O=C1O[C@H](CO)[C@@H](O)[C@H](O)[C@H]1O,0.520090564,O=C1O[C@H](CO)[C@@H](O)[C@H](O)[C@H]1O,339
c1ccc2[nH]c(-c3cscn3)nc2c1,-3.604761569,c1ccc2[nH]c(-c3cscn3)nc2c1,340
CN1C(=O)CN=C(c2ccccc2)c2cc(Cl)ccc21,-3.755478476,CN1C(=O)CN=C(c2ccccc2)c2cc(Cl)ccc21,341
NCC[C@H](O)C(=O)N[C@@H]1C[C@H](N)[C@@H](O[C@H]2O[C@H](CN)[C@@H](O)[C@H](O)[C@H]2O)[C@H](O)[C@H]1O[C@H]1O[C@H](CO)[C@@H](O)[C@H](N)[C@H]1O,-1.068632918,NCC[C@H](O)C(=O)N[C@@H]1C[C@H](N)[C@@H](O[C@H]2O[C@H](CN)[C@@H](O)[C@H](O)[C@H]2O)[C@H](O)[C@H]1O[C@H]1O[C@H](CO)[C@@H](O)[C@H](N)[C@H]1O,342
C[C@]1(Cn2ccnn2)[C@H](C(=O)O)N2C(=O)C[C@H]2S1(=O)=O,-0.778572312,C[C@]1(Cn2ccnn2)[C@H](C(=O)O)N2C(=O)C[C@H]2S1(=O)=O,343
CCN(CC)CCNC(=O)c1ccc(N)cc1,-1.668377243,CCN(CC)CCNC(=O)c1ccc(N)cc1,344
CN(N=O)C(=O)N[C@@H]1[C@@H](O)[C@H](O)[C@@H](CO)O[C@@H]1O,-1.718599294,CN(N=O)C(=O)N[C@@H]1[C@@H](O)[C@H](O)[C@@H](CO)O[C@@H]1O,345
CCC(N)Cc1c[nH]c2ccccc12,-2.567208178,CCC(N)Cc1c[nH]c2ccccc12,346
C[C@]12CCC(=O)C[C@@H]1CC[C@@H]1[C@@H]2CC[C@]2(C)[C@@H](O)CC[C@@H]12,0.257102427,C[C@]12CCC(=O)C[C@@H]1CC[C@@H]1[C@@H]2CC[C@]2(C)[C@@H](O)CC[C@@H]12,347
CCN1C(=O)NC(c2ccccc2)C1=O,-1.587475408,CCN1C(=O)NC(c2ccccc2)C1=O,348
N[C@@H](CC(=O)O)C(=O)O,-1.3925981,N[C@@H](CC(=O)O)C(=O)O,349
CCCNC(C)C(=O)Nc1ccccc1C,-2.609838325,CCCNC(C)C(=O)Nc1ccccc1C,350
O=C1CCC(N2C(=O)c3ccccc3C2=O)C(=O)N1,-2.675609352,O=C1CCC(N2C(=O)c3ccccc3C2=O)C(=O)N1,351
C=CCc1ccccc1OCC(O)CNC(C)C,-2.658819608,C=CCc1ccccc1OCC(O)CNC(C)C,352
CC=CC1=C(C(=O)O)N2C(=O)[C@@H](NC(=O)[C@H](N)c3ccc(O)cc3)[C@H]2SC1,-3.850062254,CC=CC1=C(C(=O)O)N2C(=O)[C@@H](NC(=O)[C@H](N)c3ccc(O)cc3)[C@H]2SC1,353
C=CC(N)CCC(=O)O,-0.36996635,C=CC(N)CCC(=O)O,354
C=CC1=C(C(=O)O)N2C(=O)[C@@H](NC(=O)/C(=N\OCC(=O)O)c3csc(N)n3)[C@H]2SC1,-3.915298995,C=CC1=C(C(=O)O)N2C(=O)[C@@H](NC(=O)/C(=N\OCC(=O)O)c3csc(N)n3)[C@H]2SC1,355
C=CCC1(C(C)CCC)C(=O)NC(=O)NC1=O,-2.636730188,C=CCC1(C(C)CCC)C(=O)NC(=O)NC1=O,356
O=[N+]([O-])O[C@H]1CO[C@H]2[C@@H]1OC[C@H]2O[N+](=O)[O-],-2.632800065,O=[N+]([O-])O[C@H]1CO[C@H]2[C@@H]1OC[C@H]2O[N+](=O)[O-],357
C[C@]12CCC(=O)C=C1CC[C@@H]1[C@@H]2CC[C@]2(C)C(=O)CC[C@@H]12,-3.695058064,C[C@]12CCC(=O)C=C1CC[C@@H]1[C@@H]2CC[C@]2(C)C(=O)CC[C@@H]12,358
O=C(O)c1ccc(O)cc1O,-1.425931444,O=C(O)c1ccc(O)cc1O,359
CCCCC[C@H](O)/C=C/[C@H]1[C@H](O)CC(=O)[C@@H]1C/C=C\CCCC(=O)O,-3.782939989,CCCCC[C@H](O)/C=C/[C@H]1[C@H](O)CC(=O)[C@@H]1C/C=C\CCCC(=O)O,360
CNCCCN1c2ccccc2CCc2ccccc21,-3.65760514,CNCCCN1c2ccccc2CCc2ccccc21,361
CC(=O)Oc1c(C)cc(OCC(O)CNC(C)C)c(C)c1C,-2.720405857,CC(=O)Oc1c(C)cc(OCC(O)CNC(C)C)c(C)c1C,362
CN1C(=O)OC(C)(C)C1=O,-0.456792829,CN1C(=O)OC(C)(C)C1=O,363
COc1ccccc1OCC(O)CO,-0.598168265,COc1ccccc1OCC(O)CO,364
NC1(C(=O)O)CCCC1,-0.412147945,NC1(C(=O)O)CCCC1,365
Cc1ncc(CO)c(C=O)c1O,0.475832446,Cc1ncc(CO)c(C=O)c1O,366
CC(=O)O[C@H]1C[C@@H]2CC[C@@H]3[C@H](CC[C@@]4(C)[C@H]3C[C@H]([N+]3(C)CCCCC3)[C@@H]4OC(C)=O)[C@@]2(C)C[C@@H]1[N+]1(C)CCCCC1,-0.059079935,CC(=O)O[C@H]1C[C@@H]2CC[C@@H]3[C@H](CC[C@@]4(C)[C@H]3C[C@H]([N+]3(C)CCCCC3)[C@@H]4OC(C)=O)[C@@]2(C)C[C@@H]1[N+]1(C)CCCCC1,367
N[C@@H](Cc1ccc(O)c(O)c1)C(=O)O,-2.299464463,N[C@@H](Cc1ccc(O)c(O)c1)C(=O)O,368
CN1CCCN=C1COC(=O)C(O)(c1ccccc1)C1CCCCC1,-4.716922082,CN1CCCN=C1COC(=O)C(O)(c1ccccc1)C1CCCCC1,369
CC(C(=O)O)C(=O)O,0.759664007,CC(C(=O)O)C(=O)O,370
S=c1nc[nH]c2nc[nH]c12,-3.088927333,S=c1nc[nH]c2nc[nH]c12,371
Cc1ccccc1N1C(=O)c2cc(S(N)(=O)=O)c(Cl)cc2NC1C,-3.782967941,Cc1ccccc1N1C(=O)c2cc(S(N)(=O)=O)c(Cl)cc2NC1C,372
NCCc1ccc(O)c(O)c1,0.592953722,NCCc1ccc(O)c(O)c1,373
CC(=O)Oc1ccc2c3c1O[C@H]1[C@@H](OC(C)=O)C=C[C@H]4[C@@H](C2)N(C)CC[C@@]341,-2.789358573,CC(=O)Oc1ccc2c3c1O[C@H]1[C@@H](OC(C)=O)C=C[C@H]4[C@@H](C2)N(C)CC[C@@]341,374
CCC1(CCC(C)C)C(=O)NC(=O)NC1=O,-2.574313887,CCC1(CCC(C)C)C(=O)NC(=O)NC1=O,375
CC(C)NCC(O)COc1cccc2ccccc12,-3.623590036,CC(C)NCC(O)COc1cccc2ccccc12,376
CCCCCCCCCC(=O)O,-3.445207565,CCCCCCCCCC(=O)O,377
N[C@@H](Cc1cc(I)c(O)c(I)c1)C(=O)O,-2.846184277,N[C@@H](Cc1cc(I)c(O)c(I)c1)C(=O)O,378
CCOC(=O)c1cncn1[C@H](C)c1ccccc1,-3.587186833,CCOC(=O)c1cncn1[C@H](C)c1ccccc1,379
C[C@]12CC[C@H](O)CC1=CC[C@@H]1[C@@H]2CC[C@]2(C)C(=O)CC[C@@H]12,-3.657258273,C[C@]12CC[C@H](O)CC1=CC[C@@H]1[C@@H]2CC[C@]2(C)C(=O)CC[C@@H]12,380
CCN(CC)C(=O)N1CCN(C)CC1,-0.495353048,CCN(CC)C(=O)N1CCN(C)CC1,381
C[C@H]1O[C@@H](O[C@H]2[C@@H](O)C[C@H](O[C@H]3[C@@H](O)C[C@H](O[C@H]4CC[C@@]5(C)[C@H](CC[C@@H]6[C@@H]5C[C@@H](O)[C@]5(C)[C@@H](C7=CC(=O)OC7)CC[C@]65O)C4)O[C@@H]3C)O[C@@H]2C)C[C@H](O)[C@@H]1O,-4.081041828,C[C@H]1O[C@@H](O[C@H]2[C@@H](O)C[C@H](O[C@H]3[C@@H](O)C[C@H](O[C@H]4CC[C@@]5(C)[C@H](CC[C@@H]6[C@@H]5C[C@@H](O)[C@]5(C)[C@@H](C7=CC(=O)OC7)CC[C@]65O)C4)O[C@@H]3C)O[C@@H]2C)C[C@H](O)[C@@H]1O,382
C[C@H]1C[C@H]2[C@@H]3CCC4=CC(=O)C=C[C@]4(C)[C@@]3(F)[C@@H](O)C[C@]2(C)[C@@]1(O)C(=O)CO,-3.770974971,C[C@H]1C[C@H]2[C@@H]3CCC4=CC(=O)C=C[C@]4(C)[C@@]3(F)[C@@H](O)C[C@]2(C)[C@@]1(O)C(=O)CO,383
C[C@]1(O)CC[C@H]2[C@@H]3CCC4=CC(=O)CC[C@]4(C)[C@@]3(F)[C@@H](O)C[C@@]21C,-3.697605013,C[C@]1(O)CC[C@H]2[C@@H]3CCC4=CC(=O)CC[C@]4(C)[C@@]3(F)[C@@H](O)C[C@@]21C,384
CCCC(C)C1(CC)C(=O)NC(=O)NC1=O,-2.522761425,CCCC(C)C1(CC)C(=O)NC(=O)NC1=O,385
Cc1cccc(N(C)C(=S)Oc2ccc3ccccc3c2)c1,-6.641379466,Cc1cccc(N(C)C(=S)Oc2ccc3ccccc3c2)c1,386
Cl[C@H]1[C@H](Cl)[C@@H](Cl)[C@@H](Cl)[C@H](Cl)[C@H]1Cl,-4.600316343,Cl[C@H]1[C@H](Cl)[C@@H](Cl)[C@@H](Cl)[C@H](Cl)[C@H]1Cl,387
O=C(O)CC(=O)O,0.865234456,O=C(O)CC(=O)O,388
Nc1ccn([C@H]2CC[C@@H](CO)O2)c(=O)n1,-0.441637156,Nc1ccn([C@H]2CC[C@@H](CO)O2)c(=O)n1,389
C/C(=C/C(=O)O)C(=O)O,0.779488805,C/C(=C/C(=O)O)C(=O)O,390
OC(O)C(Cl)(Cl)Cl,0.680729805,OC(O)C(Cl)(Cl)Cl,391
Nc1ccn([C@@H]2CS[C@H](CO)O2)c(=O)n1,-0.515222671,Nc1ccn([C@@H]2CS[C@H](CO)O2)c(=O)n1,392
O=c1nc[nH]c2nc[nH]c12,-2.28879678,O=c1nc[nH]c2nc[nH]c12,393
Cc1cccc(C)c1NC(=O)C1CCCCN1C,-1.991356552,Cc1cccc(C)c1NC(=O)C1CCCCN1C,394
O=C(O)/C=C/C(=O)O,-1.219630176,O=C(O)/C=C/C(=O)O,395
CN1C(=O)CC(c2ccccc2)C1=O,-1.430608121,CN1C(=O)CC(c2ccccc2)C1=O,396
COC(=O)Nc1nc2ccc(C(=O)c3ccccc3)cc2[nH]1,-3.617163181,COC(=O)Nc1nc2ccc(C(=O)c3ccccc3)cc2[nH]1,397
O=C(O)c1ccc(Cl)cc1,-3.33736496,O=C(O)c1ccc(Cl)cc1,398
NS(=O)(=O)c1cc2c(cc1Cl)NCNS2(=O)=O,-2.615298528,NS(=O)(=O)c1cc2c(cc1Cl)NCNS2(=O)=O,399
Cn1c(=O)c2[nH]cnc2n(C)c1=O,-1.388790201,Cn1c(=O)c2[nH]cnc2n(C)c1=O,400
Nc1ccncc1,-0.10442482,Nc1ccncc1,401
Cc1ccc(/C(=C\CN2CCCC2)c2ccccn2)cc1,-3.570173997,Cc1ccc(/C(=C\CN2CCCC2)c2ccccn2)cc1,402
Nc1ccc(S(N)(=O)=O)cc1,-1.360984494,Nc1ccc(S(N)(=O)=O)cc1,403
Nc1ccc(S(=O)(=O)Nc2ncccn2)cc1,-3.511930215,Nc1ccc(S(=O)(=O)Nc2ncccn2)cc1,404
CNC(=O)Oc1ccc2c(c1)[C@]1(C)CCN(C)[C@@H]1N2C,-1.550017208,CNC(=O)Oc1ccc2c(c1)[C@]1(C)CCN(C)[C@@H]1N2C,405
O=C1CN(/N=C/c2ccc([N+](=O)[O-])o2)C(=O)N1,-3.476499869,O=C1CN(/N=C/c2ccc([N+](=O)[O-])o2)C(=O)N1,406
COc1ccc(C2C(=O)c3ccccc3C2=O)cc1,-3.499853592,COc1ccc(C2C(=O)c3ccccc3C2=O)cc1,407
CC(C(=O)O)c1ccc(-c2ccccc2)c(F)c1,-4.484763966,CC(C(=O)O)c1ccc(-c2ccccc2)c(F)c1,408
O=C(O)CCC(=O)O,-0.152082441,O=C(O)CCC(=O)O,409
CCC1(C)OC(=O)N(C)C1=O,-1.272082354,CCC1(C)OC(=O)N(C)C1=O,410
COC1=CC(=O)C[C@@H](C)[C@]12Oc1c(Cl)c(OC)cc(OC)c1C2=O,-4.610972978,COC1=CC(=O)C[C@@H](C)[C@]12Oc1c(Cl)c(OC)cc(OC)c1C2=O,411
NS(=O)(=O)c1cc2c(cc1Cl)N=C(CSCc1ccccc1)NS2(=O)=O,-4.685542704,NS(=O)(=O)c1cc2c(cc1Cl)N=C(CSCc1ccccc1)NS2(=O)=O,412
Nc1ncn([C@@H]2O[C@H](CO)[C@@H](O)[C@H]2O)c(=O)n1,-0.438364012,Nc1ncn([C@@H]2O[C@H](CO)[C@@H](O)[C@H]2O)c(=O)n1,413
O=C1Nc2ccc(Cl)cc2C(c2ccccc2Cl)=NC1O,-3.603628758,O=C1Nc2ccc(Cl)cc2C(c2ccccc2Cl)=NC1O,414
NS(=O)(=O)c1cc2c(cc1Cl)NC(C(Cl)Cl)NS2(=O)=O,-2.677442693,NS(=O)(=O)c1cc2c(cc1Cl)NC(C(Cl)Cl)NS2(=O)=O,415
CC(C)NCC1CCc2cc(CO)c([N+](=O)[O-])cc2N1,-2.532311192,CC(C)NCC1CCc2cc(CO)c([N+](=O)[O-])cc2N1,416
CC(C)(C)NCC(O)COc1cccc2c1C[C@H](O)[C@H](O)C2,-1.56987615,CC(C)(C)NCC(O)COc1cccc2c1C[C@H](O)[C@H](O)C2,417
Cc1cc2nc3c(=O)[nH]c(=O)nc-3n(C[C@H](O)[C@H](O)[C@H](O)CO)c2cc1C,-3.64772455,Cc1cc2nc3c(=O)[nH]c(=O)nc-3n(C[C@H](O)[C@H](O)[C@H](O)CO)c2cc1C,418
O=Cc1ccc(O)cc1,-1.15993471,O=Cc1ccc(O)cc1,419
N[C@@H](CCC(=O)O)C(=O)O,-1.234718347,N[C@@H](CCC(=O)O)C(=O)O,420
N[C@H](CCC(=O)O)C(=O)O,-1.219286203,N[C@H](CCC(=O)O)C(=O)O,421
C[C@@H]1C[C@H]2[C@@H]3CCC4=CC(=O)C=C[C@]4(C)[C@@]3(F)[C@@H](O)C[C@]2(C)[C@@]1(O)C(=O)CO,-3.64440661,C[C@@H]1C[C@H]2[C@@H]3CCC4=CC(=O)C=C[C@]4(C)[C@@]3(F)[C@@H](O)C[C@]2(C)[C@@]1(O)C(=O)CO,422
O=C(O)c1ccccc1Nc1cccc(C(F)(F)F)c1,-4.490497609,O=C(O)c1ccccc1Nc1cccc(C(F)(F)F)c1,423
CC(C)C(=O)Nc1ccc([N+](=O)[O-])c(C(F)(F)F)c1,-4.46581042,CC(C)C(=O)Nc1ccc([N+](=O)[O-])c(C(F)(F)F)c1,424
C/C=C/C(=O)O,0.038179182,C/C=C/C(=O)O,425
C[C@@H](O)[C@H](N)C(=O)O,-0.089210034,C[C@@H](O)[C@H](N)C(=O)O,426
CC(C)NCC(O)c1cc(O)cc(O)c1,-4.338040607,CC(C)NCC(O)c1cc(O)cc(O)c1,427
CC1(C)O[C@@H]2[C@@H](CO[C@@]3(COS(N)(=O)=O)OC(C)(C)O[C@@H]23)O1,-1.539437135,CC1(C)O[C@@H]2[C@@H](CO[C@@]3(COS(N)(=O)=O)OC(C)(C)O[C@@H]23)O1,428
CN(C)c1nc(N(C)C)nc(N(C)C)n1,-3.363755337,CN(C)c1nc(N(C)C)nc(N(C)C)n1,429
CO[C@@]1(NC(=O)CSCC#N)C(=O)N2C(C(=O)O)=C(CSc3nnnn3C)CS[C@@H]21,-3.69946211,CO[C@@]1(NC(=O)CSCC#N)C(=O)N2C(C(=O)O)=C(CSc3nnnn3C)CS[C@@H]21,430
CC(C)CN(C[C@@H](O)[C@H](Cc1ccccc1)NC(=O)O[C@H]1CO[C@H]2OCC[C@H]21)S(=O)(=O)c1ccc(N)cc1,-3.562422935,CC(C)CN(C[C@@H](O)[C@H](Cc1ccccc1)NC(=O)O[C@H]1CO[C@H]2OCC[C@H]21)S(=O)(=O)c1ccc(N)cc1,431
CN1c2c([nH]c(N)nc2=O)NC[C@@H]1CNc1ccc(C(=O)N[C@@H](CCC(=O)O)C(=O)O)cc1,-3.185122484,CN1c2c([nH]c(N)nc2=O)NC[C@@H]1CNc1ccc(C(=O)N[C@@H](CCC(=O)O)C(=O)O)cc1,432
O=C1CN(/N=C/c2ccc(-c3ccc([N+](=O)[O-])cc3)o2)C(=O)N1,-3.332932104,O=C1CN(/N=C/c2ccc(-c3ccc([N+](=O)[O-])cc3)o2)C(=O)N1,433
CO[C@H]1/C=C/O[C@@]2(C)Oc3c(C)c(O)c4c(c3C2=O)C2=NC3(CCN(CC(C)C)CC3)NC2=C(NC(=O)/C(C)=C\C=C\[C@H](C)[C@H](O)[C@@H](C)[C@@H](O)[C@@H](C)[C@H](OC(C)=O)[C@@H]1C)C4=O,-3.649132219,CO[C@H]1/C=C/O[C@@]2(C)Oc3c(C)c(O)c4c(c3C2=O)C2=NC3(CCN(CC(C)C)CC3)NC2=C(NC(=O)/C(C)=C\C=C\[C@H](C)[C@H](O)[C@@H](C)[C@@H](O)[C@@H](C)[C@H](OC(C)=O)[C@@H]1C)C4=O,434
Clc1ccc2c(c1)C(c1ccccc1)=NCc1nncn1-2,-5.293344873,Clc1ccc2c(c1)C(c1ccccc1)=NCc1nncn1-2,435
O=C(O)c1cc(-c2ccc(F)cc2F)ccc1O,-4.236915137,O=C(O)c1cc(-c2ccc(F)cc2F)ccc1O,436
CC1(C)S[C@@H]2[C@H](NC(=O)Cc3ccccc3)C(=O)N2[C@H]1C(=O)O,-3.202033987,CC1(C)S[C@@H]2[C@H](NC(=O)Cc3ccccc3)C(=O)N2[C@H]1C(=O)O,437
C[C@]12C=CC(=O)C=C1CC[C@@H]1[C@@H]2CC[C@]2(C)OC(=O)CC[C@@H]12,-4.039937944,C[C@]12C=CC(=O)C=C1CC[C@@H]1[C@@H]2CC[C@]2(C)OC(=O)CC[C@@H]12,438
CC(OC(=O)NCC1(CC(=O)O)CCCCC1)OC(=O)C(C)C,-2.818744361,CC(OC(=O)NCC1(CC(=O)O)CCCCC1)OC(=O)C(C)C,439
CO[C@@]12[C@H](COC(N)=O)C3=C(C(=O)C(C)=C(N)C3=O)N1C[C@@H]1N[C@@H]12,-1.598344136,CO[C@@]12[C@H](COC(N)=O)C3=C(C(=O)C(C)=C(N)C3=O)N1C[C@@H]1N[C@@H]12,440
CC[C@H]1OC(=O)[C@H](C)[C@@H](O[C@H]2C[C@@](C)(OC)[C@@H](O)[C@H](C)O2)[C@H](C)[C@@H](O[C@@H]2O[C@H](C)C[C@H](N(C)C)[C@H]2O)[C@](C)(O)C[C@@H](C)C(=O)[C@H](C)[C@@H](O)[C@]1(C)O,-2.564622751,CC[C@H]1OC(=O)[C@H](C)[C@@H](O[C@H]2C[C@@](C)(OC)[C@@H](O)[C@H](C)O2)[C@H](C)[C@@H](O[C@@H]2O[C@H](C)C[C@H](N(C)C)[C@H]2O)[C@](C)(O)C[C@@H](C)C(=O)[C@H](C)[C@@H](O)[C@]1(C)O,441
CP(=O)(O)C1=CCNCC1,-1,CP(=O)(O)C1=CCNCC1,442
CCOC(=O)[C@H](CCc1ccccc1)N[C@H]1CCCN2CCC[C@@H](C(=O)O)N2C1=O,-1.921685019,CCOC(=O)[C@H](CCc1ccccc1)N[C@H]1CCCN2CCC[C@@H](C(=O)O)N2C1=O,443
CC(=O)Oc1ccccc1C(=O)O,-1.612199429,CC(=O)Oc1ccccc1C(=O)O,444
O=C(O)/C=C\C(=O)O,0.579710373,O=C(O)/C=C\C(=O)O,445
COc1ccc([C@@H]2Sc3ccccc3N(CCN(C)C)C(=O)[C@@H]2OC(C)=O)cc1,-2.950090441,COc1ccc([C@@H]2Sc3ccccc3N(CCN(C)C)C(=O)[C@@H]2OC(C)=O)cc1,446
Cn1nnc2c(C(N)=O)ncn2c1=O,-1.581421402,Cn1nnc2c(C(N)=O)ncn2c1=O,447
NC(=O)c1cccnc1,0.61216685,NC(=O)c1cccnc1,448
N=C(O)CCCN=C(c1ccc(Cl)cc1)c1cc(F)ccc1O,-3.67411327,N=C(O)CCCN=C(c1ccc(Cl)cc1)c1cc(F)ccc1O,449
C(=C/c1ccccc1)\CN1CCN(C(c2ccccc2)c2ccccc2)CC1,-2.691404513,C(=C/c1ccccc1)\CN1CCN(C(c2ccccc2)c2ccccc2)CC1,450
CN/C(=N/C#N)NCCSCc1nc[nH]c1C,-1.429781539,CN/C(=N/C#N)NCCSCc1nc[nH]c1C,451
CC(=O)Nc1ccc(O)cc1,-1.02,CC(=O)Nc1ccc(O)cc1,452
O=c1[nH]cnc2[nH]ncc12,-2.26,O=c1[nH]cnc2[nH]ncc12,453
CCC1(CC)C(=O)NC(=O)NC1=O,-1.42,CCC1(CC)C(=O)NC(=O)NC1=O,454
CCOC(=O)c1ccc(N)cc1,-2.32,CCOC(=O)c1ccc(N)cc1,455
c1ccc(-c2ccc(C(c3ccccc3)n3ccnc3)cc2)cc1,-5.95,c1ccc(-c2ccc(C(c3ccccc3)n3ccnc3)cc2)cc1,456
O=C1CN=C(c2ccccn2)c2cc(Br)ccc2N1,-3.48,O=C1CN=C(c2ccccn2)c2cc(Br)ccc2N1,457
COC(=O)C1C(OC(=O)c2ccccc2)CC2CCC1N2C,-2.25,COC(=O)C1C(OC(=O)c2ccccc2)CC2CCC1N2C,458
COc1ccc2c3c1OC1C(O)C=CC4C(C2)N(C)CCC341,-1.52,COc1ccc2c3c1OC1C(O)C=CC4C(C2)N(C)CCC341,459
CC12CCC(=O)C=C1CCC1C2C(O)CC2(C)C(C(=O)CO)CCC12,-3.24,CC12CCC(=O)C=C1CCC1C2C(O)CC2(C)C(C(=O)CO)CCC12,460
CC1(C)C(=O)NC(=O)NC1=O,-1.74,CC1(C)C(=O)NC(=O)NC1=O,461
CNC(C)C(O)c1ccccc1,-0.47,CNC(C)C(O)c1ccccc1,462
CCOC(=O)c1ccc(O)cc1,-2.35,CCOC(=O)c1ccc(O)cc1,463
O=C(O)CCC(=O)c1ccc(-c2ccccc2)cc1,-5.3,O=C(O)CCC(=O)c1ccc(-c2ccccc2)cc1,464
O=C(O)Cc1ccccc1Oc1ccc(Cl)cc1Cl,-3.85,O=C(O)Cc1ccccc1Oc1ccc(Cl)cc1Cl,465
OC(Cn1cncn1)(Cn1cncn1)c1ccc(F)cc1F,-1.8,OC(Cn1cncn1)(Cn1cncn1)c1ccc(F)cc1F,466
CC(C(=O)O)c1ccc(N2Cc3ccccc3C2=O)cc1,-4.82,CC(C(=O)O)c1ccc(N2Cc3ccccc3C2=O)cc1,467
CC(C(=O)O)c1cccc(C(=O)c2ccccc2)c1,-3.16,CC(C(=O)O)c1cccc(C(=O)c2ccccc2)c1,468
CCN(CC)CC(=O)Nc1c(C)cccc1C,-1.71,CCN(CC)CC(=O)Nc1c(C)cccc1C,469
CN1CCC23c4c5ccc(O)c4OC2C(O)C=CC3C1C5,-3.28,CN1CCC23c4c5ccc(O)c4OC2C(O)C=CC3C1C5,470
COc1ccc2cc(C(C)C(=O)O)ccc2c1,-4.2,COc1ccc2cc(C(C)C(=O)O)ccc2c1,471
COC(=O)C1=C(C)NC(C)=C(C(=O)OC)C1c1ccccc1[N+](=O)[O-],-4.76,COC(=O)C1=C(C)NC(C)=C(C(=O)OC)C1c1ccccc1[N+](=O)[O-],472
O=[N+]([O-])c1ccc(C=NO)o1,-2.19,O=[N+]([O-])c1ccc(C=NO)o1,473
O=C1Nc2ccc(Cl)cc2C(c2ccccc2)=NC1O,-3.95,O=C1Nc2ccc(Cl)cc2C(c2ccccc2)=NC1O,474
CCOc1ccc(NC(C)=O)cc1,-2.35,CCOc1ccc(NC(C)=O)cc1,475
O=C1NC(=O)C(c2ccccc2)(c2ccccc2)N1,-3.99,O=C1NC(=O)C(c2ccccc2)(c2ccccc2)N1,476
CC12C=CC(=O)C=C1CCC1C2C(=O)CC2(C)C1CCC2(O)C(=O)CO,-3.48,CC12C=CC(=O)C=C1CCC1C2C(=O)CC2(C)C1CCC2(O)C(=O)CO,477
CCN(CC)CCOC(=O)c1ccc(N)cc1,-1.78,CCN(CC)CCOC(=O)c1ccc(N)cc1,478
CC(=O)C1CCC2C3CCC4=CC(=O)CCC4(C)C3CCC12C,-4.42,CC(=O)C1CCC2C3CCC4=CC(=O)CCC4(C)C3CCC12C,479
CC1=C(CC(=O)O)c2cc(F)ccc2C1=Cc1ccc([S+](C)[O-])cc1,-5,CC1=C(CC(=O)O)c2cc(F)ccc2C1=Cc1ccc([S+](C)[O-])cc1,480
CN(C)CCCN1c2ccccc2Sc2ccc(C(F)(F)F)cc21,-5.3,CN(C)CCCN1c2ccccc2Sc2ccc(C(F)(F)F)cc21,481
CC(=O)CC(c1ccccc1)c1c(O)c2ccccc2oc1=O,-4.26,CC(=O)CC(c1ccccc1)c1c(O)c2ccccc2oc1=O,482
